booking_id,customer_id,room_id,booking_start_date,booking_end_date,booking_date,booking_status,quoted_nightly_rate,travel_purpose
1,289,66,2026-05-27,2026-05-30,2026-05-18,pending,512.6,business
2,142,249,2025-02-11,2025-02-14,2024-12-04,converted_to_renting,225.15,leisure
3,37,587,2025-06-13,2025-06-16,2025-04-03,converted_to_renting,448.5,business
4,88,14,2025-11-19,2025-11-20,2025-11-07,converted_to_renting,256.76,business
5,134,536,2025-08-05,2025-08-08,2025-07-16,converted_to_renting,443.12,business
6,114,100,2026-01-19,2026-01-25,2025-12-08,converted_to_renting,287.96,leisure
7,263,167,2026-04-22,2026-04-25,2026-04-05,pending,393.75,leisure
8,52,600,2025-09-30,2025-10-03,2025-07-02,converted_to_renting,767.88,business
9,145,273,2026-04-24,2026-05-02,2026-02-20,confirmed,373.8,leisure
10,132,548,2026-05-05,2026-05-08,2026-04-30,cancelled,490.6,leisure
11,212,40,2025-04-21,2025-04-29,2025-03-13,converted_to_renting,341.25,leisure
12,284,91,2026-06-26,2026-06-28,2026-05-26,pending,473.8,event
13,9,318,2025-02-08,2025-02-12,2024-12-02,converted_to_renting,394.25,leisure
14,205,241,2026-06-02,2026-06-04,2026-04-18,confirmed,192.05,leisure
15,290,46,2026-03-19,2026-03-23,2026-01-09,converted_to_renting,355.0,leisure
16,114,103,2025-08-31,2025-09-03,2025-06-06,converted_to_renting,513.88,business
17,196,572,2026-06-26,2026-07-02,2026-04-13,confirmed,439.3,leisure
18,36,519,2025-05-17,2025-05-26,2025-04-02,converted_to_renting,286.0,leisure
19,165,152,2026-07-10,2026-07-11,2026-06-29,confirmed,535.72,business
20,211,396,2026-03-29,2026-03-31,2026-01-21,converted_to_renting,689.0,business
21,145,428,2026-05-19,2026-05-22,2026-03-27,confirmed,523.6,business
22,204,102,2026-07-03,2026-07-07,2026-05-11,confirmed,457.84,business
23,228,371,2025-07-15,2025-07-17,2025-04-17,converted_to_renting,411.82,business
24,261,584,2026-04-03,2026-04-06,2026-03-14,confirmed,456.75,event
25,208,366,2026-07-25,2026-07-27,2026-06-08,pending,453.12,business
26,214,538,2025-08-16,2025-08-18,2025-07-21,converted_to_renting,332.92,event
27,57,17,2026-03-25,2026-03-28,2026-02-24,converted_to_renting,352.0,business
28,242,486,2026-02-23,2026-02-25,2025-11-23,converted_to_renting,357.2,business
29,26,155,2026-06-30,2026-07-04,2026-05-06,pending,464.6,leisure
30,247,535,2025-08-12,2025-08-18,2025-06-23,converted_to_renting,472.12,leisure
31,226,433,2026-03-26,2026-03-28,2026-03-19,converted_to_renting,245.0,business
32,167,241,2025-02-09,2025-02-11,2024-11-28,converted_to_renting,158.65,business
33,262,41,2025-08-04,2025-08-08,2025-04-17,converted_to_renting,423.4,business
34,62,195,2026-03-24,2026-03-28,2026-02-04,converted_to_renting,278.0,business
35,320,535,2025-05-21,2025-05-25,2025-01-27,converted_to_renting,447.7,business
36,284,488,2026-03-25,2026-03-27,2026-01-19,converted_to_renting,401.0,leisure
37,322,260,2025-11-11,2025-11-15,2025-07-27,converted_to_renting,426.3,business
38,302,238,2026-05-18,2026-05-23,2026-02-25,confirmed,410.3,event
39,8,21,2026-06-22,2026-06-27,2026-06-01,confirmed,353.05,event
40,27,259,2026-06-04,2026-06-06,2026-05-06,confirmed,523.25,business
41,26,141,2025-11-11,2025-11-14,2025-09-05,converted_to_renting,284.2,event
42,264,110,2026-03-25,2026-03-28,2026-01-13,converted_to_renting,326.0,business
43,182,461,2026-01-13,2026-01-16,2026-01-03,converted_to_renting,323.84,business
44,241,536,2026-04-16,2026-04-21,2026-03-05,confirmed,401.1,leisure
45,284,24,2026-07-12,2026-07-15,2026-07-01,pending,798.86,event
46,202,346,2025-07-23,2025-07-27,2025-06-20,converted_to_renting,401.2,business
47,227,16,2026-04-06,2026-04-15,2026-03-20,pending,343.35,leisure
48,135,483,2026-03-21,2026-03-23,2026-02-12,converted_to_renting,246.0,business
49,139,210,2026-05-13,2026-05-18,2026-03-10,confirmed,416.9,event
50,19,89,2026-03-24,2026-04-02,2026-02-07,converted_to_renting,302.0,leisure
51,23,56,2026-07-18,2026-07-23,2026-04-20,confirmed,488.52,leisure
52,19,425,2025-07-22,2025-07-23,2025-06-17,converted_to_renting,490.88,business
53,13,274,2025-11-02,2025-11-08,2025-09-18,converted_to_renting,388.08,leisure
54,227,449,2025-11-10,2025-11-14,2025-09-17,converted_to_renting,314.58,business
55,311,341,2025-09-26,2025-09-28,2025-06-17,converted_to_renting,367.2,event
56,154,563,2025-07-26,2025-07-28,2025-07-01,converted_to_renting,472.0,business
57,65,97,2026-06-17,2026-06-19,2026-04-12,confirmed,250.7,event
58,145,298,2026-01-11,2026-01-16,2025-10-17,converted_to_renting,281.52,leisure
59,35,14,2025-10-17,2025-10-21,2025-09-10,converted_to_renting,269.86,leisure
60,163,11,2025-05-22,2025-05-24,2025-03-09,converted_to_renting,405.9,business
61,277,184,2026-03-20,2026-03-25,2026-02-17,converted_to_renting,366.0,event
62,54,240,2026-05-18,2026-05-24,2026-05-04,confirmed,773.3,leisure
63,307,361,2026-05-05,2026-05-10,2026-03-21,pending,218.9,event
64,79,478,2026-04-11,2026-04-13,2026-03-20,confirmed,394.8,leisure
65,314,265,2025-06-05,2025-06-10,2025-05-26,converted_to_renting,317.4,leisure
66,155,67,2026-03-23,2026-03-26,2026-01-18,converted_to_renting,536.0,event
67,161,592,2025-02-20,2025-03-01,2024-11-22,converted_to_renting,342.95,leisure
68,301,589,2026-02-13,2026-02-15,2025-10-16,converted_to_renting,247.95,leisure
69,302,452,2025-06-11,2025-06-14,2025-02-11,converted_to_renting,449.65,business
70,25,343,2026-05-11,2026-05-13,2026-03-09,confirmed,517.0,business
71,228,174,2026-07-11,2026-07-14,2026-06-17,confirmed,441.32,business
72,287,180,2026-04-27,2026-05-01,2026-03-02,cancelled,676.2,leisure
73,309,534,2026-03-25,2026-03-30,2026-02-15,converted_to_renting,362.0,leisure
74,264,131,2026-07-25,2026-07-27,2026-07-02,confirmed,429.52,business
75,93,295,2026-03-26,2026-03-27,2026-01-08,converted_to_renting,426.0,business
76,185,295,2026-07-21,2026-07-27,2026-05-02,confirmed,502.68,leisure
77,218,198,2025-01-20,2025-01-23,2025-01-05,converted_to_renting,366.16,leisure
78,188,395,2026-04-23,2026-04-26,2026-02-17,confirmed,434.7,leisure
79,162,567,2025-01-30,2025-01-31,2024-10-09,converted_to_renting,218.04,business
80,282,99,2026-03-20,2026-03-24,2026-03-02,converted_to_renting,283.0,event
81,236,497,2026-04-19,2026-04-23,2026-03-22,cancelled,383.25,business
82,174,502,2026-02-27,2026-03-04,2025-11-08,converted_to_renting,332.5,leisure
83,263,132,2026-06-21,2026-06-24,2026-04-08,confirmed,734.85,leisure
84,70,232,2026-07-05,2026-07-11,2026-05-24,confirmed,434.24,leisure
85,215,106,2025-02-11,2025-02-14,2024-11-18,converted_to_renting,325.85,business
86,184,222,2026-06-23,2026-06-25,2026-04-20,confirmed,477.25,event
87,242,413,2026-04-03,2026-04-08,2026-03-08,confirmed,324.45,leisure
88,246,595,2025-04-26,2025-04-29,2025-03-29,converted_to_renting,536.55,leisure
89,245,305,2026-05-02,2026-05-09,2026-02-17,confirmed,413.6,leisure
90,3,521,2025-11-30,2025-12-04,2025-10-14,converted_to_renting,343.0,leisure
91,216,486,2026-06-26,2026-06-29,2026-06-08,confirmed,432.4,business
92,195,290,2026-03-20,2026-03-24,2026-01-17,converted_to_renting,241.0,event
93,129,33,2025-10-11,2025-10-19,2025-08-29,converted_to_renting,325.48,leisure
94,190,96,2025-10-01,2025-10-05,2025-09-02,converted_to_renting,650.96,event
95,93,476,2025-12-10,2025-12-14,2025-11-09,converted_to_renting,477.22,business
96,225,439,2025-03-13,2025-03-16,2025-01-09,converted_to_renting,475.0,leisure
97,325,7,2026-03-26,2026-03-30,2026-03-20,converted_to_renting,464.0,leisure
98,200,414,2026-03-28,2026-04-02,2026-03-15,converted_to_renting,354.0,event
99,89,176,2026-06-04,2026-06-10,2026-04-18,pending,481.85,leisure
100,181,402,2026-05-09,2026-05-13,2026-03-06,confirmed,443.3,business
101,159,595,2025-08-07,2025-08-08,2025-05-17,converted_to_renting,592.76,business
102,176,268,2025-03-09,2025-03-14,2025-02-24,converted_to_renting,376.0,leisure
103,184,175,2025-10-08,2025-10-10,2025-08-30,converted_to_renting,452.17,business
104,40,314,2026-07-27,2026-07-28,2026-05-29,confirmed,324.5,business
105,286,38,2025-02-12,2025-02-21,2024-10-25,converted_to_renting,251.75,leisure
106,84,490,2025-12-21,2025-12-25,2025-09-24,converted_to_renting,322.07,event
107,186,133,2026-03-21,2026-03-24,2026-02-01,converted_to_renting,210.0,business
108,186,167,2026-07-09,2026-07-14,2026-04-10,confirmed,442.5,event
109,284,166,2025-04-30,2025-05-03,2025-03-07,converted_to_renting,346.5,event
110,270,257,2026-07-23,2026-07-30,2026-05-07,confirmed,407.1,leisure
111,4,68,2025-03-28,2025-03-31,2025-01-08,converted_to_renting,506.0,business
112,270,204,2026-03-20,2026-03-25,2026-03-05,converted_to_renting,663.0,event
113,261,36,2025-10-07,2025-10-10,2025-08-22,converted_to_renting,706.58,business
114,140,537,2025-04-09,2025-04-11,2024-12-12,converted_to_renting,269.85,event
115,174,19,2026-06-11,2026-06-13,2026-05-19,cancelled,548.55,leisure
116,302,158,2025-05-02,2025-05-04,2025-01-22,converted_to_renting,275.0,business
117,227,473,2026-07-06,2026-07-15,2026-07-02,confirmed,449.58,leisure
118,91,499,2025-12-04,2025-12-07,2025-10-29,converted_to_renting,508.25,leisure
119,130,18,2026-07-03,2026-07-04,2026-05-26,confirmed,474.36,business
120,149,57,2026-04-12,2026-04-16,2026-04-08,pending,292.95,business
121,149,184,2025-05-01,2025-05-07,2025-03-25,converted_to_renting,402.6,leisure
122,7,230,2026-03-26,2026-04-02,2026-02-03,converted_to_renting,313.0,leisure
123,34,347,2026-03-22,2026-03-25,2026-01-20,converted_to_renting,370.0,business
124,213,1,2025-05-28,2025-05-30,2025-04-08,converted_to_renting,224.4,business
125,142,341,2026-03-23,2026-03-27,2026-03-21,converted_to_renting,340.0,leisure
126,310,590,2026-03-28,2026-04-05,2026-02-25,converted_to_renting,316.0,leisure
127,110,334,2026-03-26,2026-03-31,2026-01-12,converted_to_renting,307.0,leisure
128,54,589,2025-05-18,2025-05-23,2025-04-01,converted_to_renting,287.1,leisure
129,233,242,2025-10-10,2025-10-16,2025-09-13,converted_to_renting,218.36,leisure
130,126,373,2026-03-28,2026-04-06,2026-03-09,converted_to_renting,255.0,leisure
131,210,347,2026-03-29,2026-04-03,2026-01-08,converted_to_renting,370.0,leisure
132,276,517,2025-03-10,2025-03-15,2024-12-25,converted_to_renting,205.0,leisure
133,297,130,2026-03-06,2026-03-09,2026-01-27,converted_to_renting,324.0,leisure
134,239,557,2026-01-12,2026-01-20,2025-12-16,converted_to_renting,331.2,leisure
135,173,45,2026-03-29,2026-04-02,2026-03-27,converted_to_renting,305.0,business
136,259,237,2026-03-02,2026-03-04,2025-11-24,converted_to_renting,323.0,business
137,127,493,2026-01-03,2026-01-08,2025-11-27,converted_to_renting,225.4,leisure
138,193,271,2026-01-16,2026-01-20,2025-10-13,converted_to_renting,470.12,business
139,94,211,2025-06-29,2025-07-01,2025-05-19,converted_to_renting,516.35,leisure
140,48,246,2026-04-07,2026-04-11,2026-01-11,confirmed,364.35,business
141,204,576,2025-10-22,2025-10-26,2025-08-02,converted_to_renting,640.66,event
142,70,149,2026-05-20,2026-05-22,2026-03-24,pending,427.9,leisure
143,171,87,2025-04-27,2025-05-01,2025-04-02,converted_to_renting,238.35,event
144,307,518,2025-01-13,2025-01-17,2024-11-20,converted_to_renting,225.4,business
145,22,100,2026-02-22,2026-02-26,2026-01-23,converted_to_renting,297.35,event
146,141,153,2025-07-17,2025-07-19,2025-04-29,converted_to_renting,382.32,business
147,183,560,2025-10-14,2025-10-18,2025-07-01,converted_to_renting,448.05,business
148,192,137,2025-07-28,2025-07-31,2025-05-24,converted_to_renting,413.0,business
149,103,33,2025-05-14,2025-05-16,2025-04-19,converted_to_renting,347.6,business
150,162,459,2026-04-27,2026-04-29,2026-04-08,confirmed,296.1,business
151,143,364,2026-07-06,2026-07-15,2026-04-10,confirmed,364.62,leisure
152,289,596,2026-05-08,2026-05-10,2026-03-02,confirmed,534.6,leisure
153,80,541,2025-11-12,2025-11-20,2025-10-22,converted_to_renting,231.28,leisure
154,195,284,2026-03-25,2026-03-28,2026-01-21,converted_to_renting,455.0,event
155,268,212,2026-06-03,2026-06-06,2026-03-30,pending,476.1,business
156,170,321,2026-04-28,2026-05-04,2026-02-11,confirmed,341.25,leisure
157,16,218,2026-07-11,2026-07-13,2026-06-25,confirmed,330.4,business
158,53,273,2026-03-27,2026-03-31,2026-03-01,converted_to_renting,356.0,leisure
159,4,492,2025-02-04,2025-02-11,2024-11-22,converted_to_renting,613.7,leisure
160,204,234,2026-03-29,2026-04-06,2026-01-29,converted_to_renting,443.0,leisure
161,309,108,2026-04-11,2026-04-13,2026-02-27,pending,690.9,business
162,53,485,2026-05-04,2026-05-05,2026-05-01,confirmed,358.6,business
163,152,238,2026-03-23,2026-03-27,2026-01-28,converted_to_renting,373.0,business
164,267,514,2026-05-06,2026-05-09,2026-04-19,confirmed,435.6,business
165,123,383,2025-11-24,2025-11-29,2025-10-28,converted_to_renting,387.1,leisure
166,21,31,2026-03-24,2026-03-30,2026-01-25,converted_to_renting,491.0,leisure
167,158,466,2025-10-24,2025-10-26,2025-10-18,converted_to_renting,367.71,event
168,126,132,2026-02-27,2026-03-08,2025-12-28,converted_to_renting,607.05,leisure
169,133,365,2025-12-27,2026-01-03,2025-09-11,converted_to_renting,341.33,leisure
170,95,64,2025-07-01,2025-07-06,2025-05-11,converted_to_renting,443.68,event
171,31,358,2026-02-25,2026-02-26,2026-02-07,converted_to_renting,342.95,business
172,78,168,2026-04-02,2026-04-04,2026-01-19,pending,714.0,leisure
173,258,256,2025-01-18,2025-01-21,2024-10-25,converted_to_renting,294.4,business
174,236,561,2025-08-08,2025-08-15,2025-05-14,converted_to_renting,342.2,leisure
175,134,30,2026-01-28,2026-01-29,2025-12-24,converted_to_renting,387.32,business
176,227,405,2026-03-19,2026-03-28,2026-03-06,converted_to_renting,283.0,leisure
177,252,33,2026-05-02,2026-05-03,2026-04-20,cancelled,347.6,business
178,34,171,2025-09-27,2025-09-29,2025-07-13,converted_to_renting,279.72,business
179,68,38,2026-03-21,2026-03-27,2026-02-21,converted_to_renting,265.0,leisure
180,70,405,2025-05-24,2025-05-26,2025-04-09,converted_to_renting,311.3,business
181,11,384,2025-01-17,2025-01-20,2024-11-02,converted_to_renting,634.8,event
182,286,348,2026-02-07,2026-02-14,2025-12-02,converted_to_renting,627.0,leisure
183,320,566,2026-07-07,2026-07-09,2026-04-17,pending,267.86,business
184,215,460,2026-03-31,2026-04-02,2026-01-12,confirmed,322.0,event
185,216,441,2025-11-28,2025-11-30,2025-11-22,converted_to_renting,294.0,business
186,293,11,2025-01-26,2025-01-31,2025-01-07,converted_to_renting,339.48,leisure
187,242,209,2026-01-04,2026-01-07,2025-12-09,converted_to_renting,321.08,business
188,46,101,2026-05-09,2026-05-16,2026-03-28,pending,382.8,leisure
189,270,69,2025-05-11,2025-05-13,2025-03-17,converted_to_renting,386.1,event
190,98,141,2025-12-28,2025-12-31,2025-09-26,converted_to_renting,310.3,leisure
191,97,73,2025-05-09,2025-05-11,2025-01-28,converted_to_renting,239.8,business
192,283,43,2026-02-08,2026-02-15,2026-01-20,converted_to_renting,451.25,leisure
193,9,219,2025-01-12,2025-01-16,2024-10-11,converted_to_renting,262.2,business
194,187,80,2025-01-15,2025-01-19,2024-12-14,converted_to_renting,393.76,event
195,298,226,2026-03-25,2026-03-27,2026-03-22,converted_to_renting,350.0,business
196,94,199,2026-03-21,2026-03-22,2026-01-14,converted_to_renting,443.0,business
197,212,249,2025-07-29,2025-07-30,2025-07-19,converted_to_renting,279.66,business
198,84,542,2025-03-08,2025-03-11,2024-11-10,converted_to_renting,286.0,business
199,166,1,2025-08-06,2025-08-08,2025-06-13,converted_to_renting,236.64,business
200,118,239,2026-04-21,2026-04-24,2026-03-30,confirmed,454.65,event
201,170,309,2026-07-17,2026-07-18,2026-06-15,confirmed,372.88,business
202,226,559,2025-11-19,2025-11-23,2025-08-02,converted_to_renting,470.4,leisure
203,80,72,2025-06-16,2025-06-21,2025-03-25,converted_to_renting,846.4,event
204,229,61,2026-03-22,2026-03-29,2026-01-21,converted_to_renting,281.0,leisure
205,134,586,2026-05-23,2026-05-26,2026-05-08,cancelled,363.0,business
206,43,387,2026-01-24,2026-01-27,2026-01-21,converted_to_renting,284.28,business
207,294,415,2026-06-12,2026-06-13,2026-04-08,confirmed,487.6,business
208,84,51,2025-03-26,2025-03-31,2025-01-11,converted_to_renting,269.0,leisure
209,307,228,2025-07-23,2025-07-27,2025-06-08,converted_to_renting,814.2,leisure
210,208,2,2026-03-19,2026-03-21,2026-01-20,converted_to_renting,264.0,business
211,243,19,2026-04-10,2026-04-13,2026-01-29,confirmed,500.85,event
212,77,345,2026-05-08,2026-05-15,2026-03-08,pending,308.0,leisure
213,81,265,2025-07-18,2025-07-25,2025-05-17,converted_to_renting,325.68,leisure
214,262,553,2025-01-18,2025-01-22,2024-09-23,converted_to_renting,211.6,event
215,295,167,2025-11-27,2025-11-29,2025-10-10,converted_to_renting,367.5,business
216,231,363,2026-03-19,2026-03-21,2026-02-21,converted_to_renting,249.0,leisure
217,148,542,2026-05-04,2026-05-07,2026-03-29,pending,314.6,leisure
218,126,545,2025-10-25,2025-10-27,2025-07-08,converted_to_renting,392.43,business
219,267,77,2026-03-20,2026-03-21,2026-01-22,converted_to_renting,353.0,business
220,173,464,2026-03-22,2026-03-25,2026-02-12,converted_to_renting,447.0,leisure
221,220,164,2025-05-04,2025-05-06,2025-01-14,converted_to_renting,473.0,business
222,88,376,2025-02-18,2025-02-21,2024-11-13,converted_to_renting,323.0,business
223,36,106,2026-03-21,2026-03-27,2026-03-09,converted_to_renting,343.0,leisure
224,12,593,2025-03-15,2025-03-16,2025-02-05,converted_to_renting,396.0,business
225,20,387,2025-08-21,2025-08-30,2025-05-16,converted_to_renting,358.44,leisure
226,140,478,2025-11-05,2025-11-09,2025-09-27,converted_to_renting,368.48,event
227,286,473,2025-08-25,2025-08-27,2025-06-22,converted_to_renting,441.96,leisure
228,204,476,2026-05-11,2026-05-17,2026-02-11,confirmed,490.6,leisure
229,155,439,2025-06-30,2025-07-01,2025-05-15,converted_to_renting,546.25,business
230,184,193,2026-07-19,2026-07-21,2026-06-12,cancelled,239.54,business
231,45,129,2026-07-26,2026-07-29,2026-07-21,confirmed,305.62,business
232,324,345,2026-01-27,2026-01-29,2026-01-07,converted_to_renting,257.6,leisure
233,317,366,2026-04-30,2026-05-04,2026-02-19,cancelled,403.2,business
234,261,594,2026-04-06,2026-04-12,2026-03-29,confirmed,468.3,leisure
235,225,524,2025-07-05,2025-07-08,2025-03-28,converted_to_renting,489.7,business
236,140,321,2026-03-26,2026-03-28,2026-03-16,converted_to_renting,325.0,business
237,219,142,2026-05-11,2026-05-15,2026-02-23,confirmed,357.5,leisure
238,159,104,2025-01-17,2025-01-19,2024-11-28,converted_to_renting,389.16,business
239,179,10,2026-01-12,2026-01-13,2025-11-11,converted_to_renting,316.48,business
240,69,427,2025-01-08,2025-01-11,2024-11-27,converted_to_renting,465.52,business
241,121,427,2026-05-09,2026-05-11,2026-03-13,pending,556.6,event
242,1,30,2026-02-13,2026-02-20,2026-02-02,converted_to_renting,399.95,leisure
243,60,350,2025-10-10,2025-10-18,2025-07-28,converted_to_renting,284.28,leisure
244,130,81,2025-08-28,2025-09-04,2025-07-13,converted_to_renting,334.08,leisure
245,297,118,2025-12-15,2025-12-19,2025-09-12,converted_to_renting,429.07,leisure
246,26,560,2025-11-05,2025-11-10,2025-08-09,converted_to_renting,426.3,leisure
247,103,477,2025-03-09,2025-03-12,2025-01-25,converted_to_renting,306.0,business
248,299,183,2026-05-25,2026-05-29,2026-05-13,confirmed,369.6,leisure
249,39,174,2025-07-10,2025-07-12,2025-05-02,converted_to_renting,441.32,business
250,160,407,2026-04-20,2026-04-22,2026-01-24,cancelled,402.15,business
251,66,267,2026-05-14,2026-05-21,2026-05-06,confirmed,369.6,leisure
252,91,2,2026-03-07,2026-03-09,2026-02-02,converted_to_renting,264.0,business
253,152,522,2025-07-29,2025-08-06,2025-06-19,converted_to_renting,460.2,leisure
254,15,34,2026-03-20,2026-03-29,2026-01-06,converted_to_renting,376.0,leisure
255,180,157,2025-04-06,2025-04-13,2025-01-23,converted_to_renting,236.25,leisure
256,266,421,2026-05-14,2026-05-15,2026-03-11,confirmed,303.6,business
257,152,121,2026-05-07,2026-05-11,2026-04-20,pending,229.9,leisure
258,295,240,2026-04-26,2026-04-30,2026-03-07,pending,738.15,leisure
259,249,424,2026-03-28,2026-04-04,2026-01-17,converted_to_renting,381.0,leisure
260,138,82,2026-03-31,2026-04-08,2026-01-06,confirmed,323.0,leisure
261,287,40,2025-03-29,2025-03-31,2025-02-07,converted_to_renting,325.0,business
262,82,311,2025-10-06,2025-10-08,2025-09-24,converted_to_renting,433.63,business
263,146,574,2025-11-24,2025-11-25,2025-10-01,converted_to_renting,295.96,business
264,267,420,2025-01-28,2025-02-02,2024-12-18,converted_to_renting,583.28,leisure
265,10,445,2026-06-29,2026-07-03,2026-04-22,pending,225.4,business
266,174,130,2026-06-22,2026-06-26,2026-04-02,pending,372.6,leisure
267,276,125,2026-05-04,2026-05-06,2026-04-17,confirmed,350.9,business
268,134,347,2025-05-22,2025-05-29,2025-02-20,converted_to_renting,407.0,leisure
269,10,133,2026-04-29,2026-05-01,2026-03-23,cancelled,220.5,business
270,294,137,2025-05-10,2025-05-13,2025-04-27,converted_to_renting,385.0,business
271,87,103,2026-03-20,2026-03-24,2026-02-01,converted_to_renting,443.0,business
272,196,354,2025-11-09,2025-11-17,2025-08-15,converted_to_renting,412.58,leisure
273,246,93,2026-04-15,2026-04-24,2026-03-15,confirmed,254.1,leisure
274,64,320,2025-05-25,2025-05-31,2025-03-18,converted_to_renting,506.0,leisure
275,240,162,2025-12-15,2025-12-17,2025-10-15,converted_to_renting,422.65,business
276,10,532,2026-07-15,2026-07-16,2026-06-05,confirmed,326.86,business
277,309,474,2026-04-18,2026-04-22,2026-03-27,confirmed,452.55,business
278,16,451,2025-12-19,2025-12-20,2025-09-27,converted_to_renting,455.82,business
279,41,308,2025-10-01,2025-10-02,2025-09-07,converted_to_renting,479.98,business
280,238,288,2026-07-26,2026-07-28,2026-06-01,confirmed,837.8,leisure
281,43,141,2026-03-21,2026-03-25,2026-02-21,converted_to_renting,290.0,event
282,154,183,2025-07-13,2025-07-21,2025-05-30,converted_to_renting,396.48,leisure
283,89,179,2026-07-10,2026-07-13,2026-04-14,confirmed,429.52,business
284,245,344,2026-03-27,2026-03-31,2026-02-01,converted_to_renting,440.0,business
285,318,223,2025-09-29,2025-10-08,2025-09-21,converted_to_renting,523.8,leisure
286,57,240,2025-02-08,2025-02-10,2024-11-24,converted_to_renting,667.85,leisure
287,91,216,2026-03-28,2026-03-29,2026-01-16,converted_to_renting,669.0,business
288,176,407,2025-11-10,2025-11-14,2025-10-18,converted_to_renting,375.34,business
289,245,460,2026-06-03,2026-06-10,2026-05-23,pending,370.3,leisure
290,125,583,2026-04-11,2026-04-19,2026-04-08,confirmed,488.25,leisure
291,244,432,2026-03-19,2026-03-20,2026-01-09,converted_to_renting,731.0,business
292,69,11,2025-10-26,2025-10-30,2025-09-30,converted_to_renting,380.07,business
293,61,275,2025-01-12,2025-01-18,2024-09-29,converted_to_renting,391.92,leisure
294,304,442,2025-08-27,2025-09-04,2025-06-28,converted_to_renting,411.8,leisure
295,124,577,2026-03-24,2026-03-28,2026-01-10,converted_to_renting,210.0,business
296,150,570,2026-06-23,2026-06-26,2026-04-07,cancelled,422.05,leisure
297,275,327,2026-04-26,2026-04-28,2026-02-08,confirmed,254.1,business
298,230,335,2026-06-27,2026-06-30,2026-04-30,confirmed,387.55,event
299,130,179,2026-04-28,2026-05-04,2026-02-07,confirmed,382.2,leisure
300,107,18,2026-04-06,2026-04-14,2026-03-29,confirmed,422.1,leisure
301,194,536,2025-11-14,2025-11-17,2025-08-06,converted_to_renting,374.36,business
302,1,194,2026-07-03,2026-07-06,2026-06-19,confirmed,310.34,leisure
303,295,349,2025-12-22,2025-12-26,2025-10-13,converted_to_renting,273.92,business
304,156,95,2025-01-17,2025-01-19,2024-11-30,converted_to_renting,310.04,business
305,25,80,2025-06-25,2025-06-29,2025-03-23,converted_to_renting,492.2,business
306,192,131,2025-08-24,2025-08-29,2025-06-10,converted_to_renting,422.24,leisure
307,3,486,2025-12-15,2025-12-19,2025-10-10,converted_to_renting,402.32,leisure
308,175,418,2025-08-31,2025-09-02,2025-05-30,converted_to_renting,346.84,event
309,65,231,2025-02-22,2025-02-27,2024-11-07,converted_to_renting,306.85,leisure
310,278,446,2025-10-27,2025-11-03,2025-07-28,converted_to_renting,227.63,leisure
311,112,99,2025-02-28,2025-03-05,2024-12-03,converted_to_renting,268.85,event
312,279,434,2026-03-03,2026-03-08,2026-01-01,converted_to_renting,280.0,leisure
313,120,447,2025-04-25,2025-04-27,2025-03-28,converted_to_renting,274.05,leisure
314,102,150,2026-03-24,2026-03-28,2026-01-09,converted_to_renting,434.0,business
315,95,35,2026-06-23,2026-07-01,2026-04-26,pending,466.9,leisure
316,149,521,2026-06-29,2026-07-08,2026-06-09,confirmed,402.5,leisure
317,23,119,2026-07-10,2026-07-15,2026-06-25,cancelled,502.68,leisure
318,120,287,2025-07-02,2025-07-04,2025-05-12,converted_to_renting,477.9,event
319,308,161,2026-03-27,2026-03-31,2026-02-14,converted_to_renting,340.0,leisure
320,222,539,2026-07-03,2026-07-05,2026-06-04,confirmed,385.86,business
321,3,133,2025-10-11,2025-10-15,2025-07-07,converted_to_renting,216.3,leisure
322,320,540,2025-12-30,2026-01-03,2025-12-05,converted_to_renting,670.89,leisure
323,222,38,2025-12-16,2025-12-25,2025-08-18,converted_to_renting,283.55,leisure
324,209,206,2026-03-21,2026-03-25,2026-01-23,converted_to_renting,244.0,leisure
325,292,583,2025-11-03,2025-11-08,2025-08-01,converted_to_renting,455.7,event
326,227,27,2026-05-17,2026-05-19,2026-03-08,confirmed,336.6,event
327,304,451,2026-03-20,2026-03-24,2026-01-22,converted_to_renting,426.0,business
328,171,97,2025-06-23,2025-06-26,2025-03-20,converted_to_renting,250.7,leisure
329,83,356,2025-08-21,2025-08-26,2025-08-01,converted_to_renting,540.56,event
330,266,40,2025-11-16,2025-11-19,2025-08-24,converted_to_renting,318.5,leisure
331,43,352,2025-12-07,2025-12-15,2025-11-16,converted_to_renting,359.52,leisure
332,232,145,2026-05-12,2026-05-14,2026-04-21,confirmed,273.9,business
333,175,576,2025-03-06,2025-03-10,2025-01-27,converted_to_renting,622.0,business
334,49,50,2025-07-28,2025-07-31,2025-04-18,converted_to_renting,282.02,business
335,146,569,2025-10-18,2025-10-23,2025-07-10,converted_to_renting,311.06,event
336,45,487,2026-07-12,2026-07-19,2026-04-25,confirmed,520.38,leisure
337,291,264,2026-03-25,2026-03-27,2026-01-16,converted_to_renting,660.0,event
338,157,477,2025-07-09,2025-07-13,2025-04-11,converted_to_renting,361.08,business
339,157,173,2026-06-20,2026-06-28,2026-05-27,pending,384.1,leisure
340,211,275,2025-08-13,2025-08-15,2025-07-07,converted_to_renting,494.16,business
341,45,17,2026-05-22,2026-05-30,2026-02-23,pending,387.2,leisure
342,107,129,2025-09-23,2025-09-28,2025-05-28,converted_to_renting,279.72,leisure
343,2,459,2025-08-08,2025-08-16,2025-07-02,converted_to_renting,327.12,leisure
344,139,552,2025-06-03,2025-06-09,2025-05-22,converted_to_renting,806.15,leisure
345,77,525,2025-04-12,2025-04-14,2025-01-23,converted_to_renting,283.5,business
346,150,448,2026-07-06,2026-07-09,2026-04-21,confirmed,331.58,leisure
347,24,356,2026-07-22,2026-07-26,2026-05-22,pending,549.88,business
348,35,134,2025-05-10,2025-05-13,2025-02-26,converted_to_renting,286.0,leisure
349,65,113,2026-03-28,2026-04-02,2026-01-09,converted_to_renting,396.0,event
350,319,527,2025-03-23,2025-03-29,2025-01-16,converted_to_renting,360.0,leisure
351,194,419,2026-03-28,2026-03-31,2026-03-09,converted_to_renting,334.0,leisure
352,127,83,2026-07-05,2026-07-13,2026-05-08,pending,428.34,leisure
353,322,529,2025-02-24,2025-02-25,2024-11-18,converted_to_renting,168.15,business
354,87,413,2026-04-01,2026-04-03,2026-01-18,confirmed,324.45,business
355,325,261,2025-11-13,2025-11-15,2025-10-27,converted_to_renting,289.1,business
356,324,476,2026-03-03,2026-03-07,2026-02-22,converted_to_renting,446.0,business
357,320,315,2025-01-09,2025-01-12,2024-10-06,converted_to_renting,280.6,event
358,181,572,2025-07-31,2025-08-02,2025-07-16,converted_to_renting,450.76,business
359,68,502,2025-07-08,2025-07-10,2025-03-21,converted_to_renting,413.0,business
360,48,317,2025-03-29,2025-03-31,2024-12-08,converted_to_renting,375.0,leisure
361,5,531,2026-03-21,2026-03-24,2026-02-03,converted_to_renting,227.0,business
362,126,579,2025-06-25,2025-06-29,2025-05-14,converted_to_renting,327.75,business
363,297,379,2026-01-09,2026-01-15,2025-12-23,converted_to_renting,455.4,leisure
364,202,215,2026-02-05,2026-02-08,2025-10-27,converted_to_renting,345.8,leisure
365,250,503,2025-12-18,2025-12-21,2025-11-08,converted_to_renting,433.35,leisure
366,167,171,2025-06-03,2025-06-11,2025-02-26,converted_to_renting,297.85,leisure
367,303,86,2026-06-10,2026-06-13,2026-05-21,confirmed,238.05,business
368,109,575,2025-09-04,2025-09-06,2025-07-07,converted_to_renting,353.16,leisure
369,127,327,2025-07-23,2025-07-26,2025-04-28,converted_to_renting,285.56,business
370,221,64,2026-07-03,2026-07-09,2026-05-11,confirmed,443.68,leisure
371,284,237,2026-05-17,2026-05-24,2026-05-06,confirmed,355.3,leisure
372,11,519,2026-03-04,2026-03-09,2026-02-20,converted_to_renting,260.0,leisure
373,320,550,2025-08-29,2025-09-02,2025-05-17,converted_to_renting,430.36,leisure
374,223,432,2026-03-22,2026-03-30,2026-02-18,converted_to_renting,731.0,leisure
375,180,305,2025-10-13,2025-10-17,2025-07-08,converted_to_renting,387.28,leisure
376,217,21,2026-04-03,2026-04-09,2026-01-05,confirmed,322.35,leisure
377,235,429,2026-04-11,2026-04-15,2026-02-27,pending,373.8,leisure
378,281,277,2026-03-21,2026-03-23,2026-01-13,converted_to_renting,245.0,leisure
379,33,365,2026-04-02,2026-04-05,2026-02-03,confirmed,334.95,event
380,60,595,2026-02-20,2026-02-22,2025-12-13,converted_to_renting,485.45,business
381,127,223,2026-03-29,2026-03-31,2026-03-27,converted_to_renting,485.0,event
382,26,313,2026-05-15,2026-05-23,2026-02-25,confirmed,275.0,leisure
383,157,439,2026-03-20,2026-03-21,2026-01-30,converted_to_renting,475.0,business
384,27,60,2025-03-30,2025-04-02,2025-03-18,converted_to_renting,659.0,business
385,320,150,2025-10-06,2025-10-14,2025-09-24,converted_to_renting,447.02,leisure
386,231,124,2026-04-18,2026-04-20,2026-01-26,pending,303.45,business
387,58,258,2025-06-23,2025-07-01,2025-05-30,converted_to_renting,460.0,leisure
388,69,382,2026-04-26,2026-04-27,2026-04-24,confirmed,393.75,business
389,321,190,2026-06-26,2026-06-28,2026-06-06,confirmed,461.15,business
390,317,355,2026-03-23,2026-03-25,2026-03-17,converted_to_renting,481.0,business
391,27,214,2026-05-25,2026-05-29,2026-05-20,confirmed,367.4,leisure
392,306,319,2025-03-27,2025-04-04,2024-11-28,converted_to_renting,475.0,leisure
393,272,270,2025-03-08,2025-03-15,2025-01-18,converted_to_renting,466.0,leisure
394,200,526,2026-03-25,2026-03-28,2026-01-17,converted_to_renting,325.0,leisure
395,308,176,2026-04-09,2026-04-18,2026-01-18,confirmed,439.95,leisure
396,244,10,2026-03-28,2026-04-04,2026-01-26,converted_to_renting,344.0,leisure
397,12,471,2025-03-31,2025-04-06,2025-02-08,converted_to_renting,301.0,leisure
398,274,303,2025-12-27,2026-01-04,2025-09-21,converted_to_renting,343.47,leisure
399,91,275,2026-04-25,2026-04-29,2026-03-11,confirmed,447.3,leisure
400,256,11,2025-10-03,2025-10-05,2025-09-16,converted_to_renting,380.07,business
401,246,224,2025-11-27,2025-11-30,2025-08-15,converted_to_renting,441.0,leisure
402,189,476,2026-04-13,2026-04-16,2026-03-06,confirmed,468.3,business
403,90,413,2026-03-19,2026-03-22,2026-03-15,converted_to_renting,309.0,business
404,304,6,2026-03-20,2026-03-28,2026-01-15,converted_to_renting,389.0,leisure
405,293,450,2026-07-18,2026-07-20,2026-07-14,confirmed,449.58,leisure
406,74,471,2025-09-17,2025-09-19,2025-07-18,converted_to_renting,325.08,business
407,247,192,2026-03-23,2026-03-25,2026-03-07,converted_to_renting,721.0,business
408,62,322,2025-01-16,2025-01-22,2024-09-21,converted_to_renting,335.8,leisure
409,90,24,2026-03-22,2026-03-26,2026-01-16,converted_to_renting,677.0,leisure
410,75,317,2026-02-06,2026-02-13,2026-01-27,converted_to_renting,356.25,leisure
411,322,479,2026-05-31,2026-06-03,2026-03-03,pending,446.6,business
412,181,32,2026-06-22,2026-06-28,2026-06-19,confirmed,512.9,leisure
413,79,259,2025-01-22,2025-01-23,2024-11-20,converted_to_renting,418.6,business
414,3,166,2026-03-28,2026-04-01,2026-03-24,converted_to_renting,330.0,event
415,184,566,2026-02-02,2026-02-05,2025-12-15,converted_to_renting,215.65,business
416,269,3,2026-02-21,2026-02-22,2025-12-25,converted_to_renting,255.55,business
417,86,505,2026-06-19,2026-06-28,2026-04-11,confirmed,317.4,leisure
418,207,423,2025-04-29,2025-05-01,2025-02-18,converted_to_renting,347.55,leisure
419,1,232,2025-12-11,2025-12-15,2025-08-30,converted_to_renting,393.76,event
420,120,383,2026-06-17,2026-06-20,2026-03-23,cancelled,454.25,leisure
421,20,87,2026-05-22,2026-05-24,2026-05-16,pending,249.7,leisure
422,207,392,2025-02-25,2025-03-01,2025-02-19,converted_to_renting,426.55,business
423,245,489,2025-04-29,2025-04-30,2025-01-16,converted_to_renting,263.55,business
424,17,183,2025-12-06,2025-12-09,2025-09-05,converted_to_renting,359.52,business
425,293,27,2025-05-23,2025-05-26,2025-03-24,converted_to_renting,336.6,leisure
426,118,89,2025-11-05,2025-11-08,2025-10-30,converted_to_renting,295.96,business
427,237,370,2026-06-14,2026-06-16,2026-06-10,pending,361.1,leisure
428,156,104,2026-03-21,2026-03-25,2026-02-04,converted_to_renting,423.0,business
429,70,74,2025-05-05,2025-05-06,2025-04-21,converted_to_renting,289.3,business
430,20,97,2025-12-14,2025-12-23,2025-09-17,converted_to_renting,233.26,leisure
431,93,228,2026-06-20,2026-06-23,2026-05-13,confirmed,793.5,business
432,287,558,2025-07-06,2025-07-08,2025-05-07,converted_to_renting,483.8,leisure
433,230,120,2025-10-15,2025-10-19,2025-10-11,converted_to_renting,747.78,business
434,113,202,2025-04-30,2025-05-07,2025-01-13,converted_to_renting,360.15,leisure
435,152,446,2026-06-06,2026-06-09,2026-03-20,confirmed,254.15,leisure
436,84,352,2025-10-30,2025-11-01,2025-07-30,converted_to_renting,346.08,leisure
437,186,567,2026-05-09,2026-05-13,2026-04-26,confirmed,260.7,event
438,53,528,2026-03-28,2026-03-30,2026-02-12,converted_to_renting,660.0,leisure
439,276,470,2025-06-30,2025-07-08,2025-03-29,converted_to_renting,317.4,leisure
440,13,237,2025-09-22,2025-09-25,2025-09-04,converted_to_renting,348.84,leisure
441,167,57,2026-07-04,2026-07-07,2026-05-21,confirmed,329.22,business
442,269,188,2026-02-21,2026-03-02,2026-01-29,converted_to_renting,456.95,leisure
443,243,285,2025-03-04,2025-03-08,2024-12-20,converted_to_renting,315.0,business
444,106,222,2025-08-08,2025-08-10,2025-06-15,converted_to_renting,481.4,leisure
445,274,511,2025-04-24,2025-04-28,2025-02-04,converted_to_renting,557.55,business
446,238,498,2026-03-27,2026-03-30,2026-03-05,converted_to_renting,425.0,leisure
447,27,100,2026-04-24,2026-04-28,2026-02-28,confirmed,328.65,event
448,319,189,2025-12-20,2025-12-23,2025-12-13,converted_to_renting,375.57,event
449,273,92,2025-06-25,2025-07-03,2025-04-14,converted_to_renting,433.55,leisure
450,108,167,2025-08-20,2025-08-29,2025-07-08,converted_to_renting,435.0,leisure
451,5,91,2026-05-02,2026-05-05,2026-03-29,pending,453.2,business
452,315,378,2026-04-06,2026-04-08,2026-03-24,confirmed,446.25,business
453,142,59,2026-03-05,2026-03-07,2026-01-04,converted_to_renting,359.0,event
454,116,43,2026-07-12,2026-07-16,2026-07-04,confirmed,560.5,business
455,171,360,2026-04-04,2026-04-06,2026-03-29,pending,720.3,leisure
456,165,340,2025-05-16,2025-05-21,2025-02-02,converted_to_renting,346.5,leisure
457,146,337,2026-01-05,2026-01-06,2025-10-25,converted_to_renting,207.0,business
458,19,410,2025-01-30,2025-01-31,2024-12-20,converted_to_renting,201.48,business
459,83,455,2026-07-26,2026-07-29,2026-04-27,confirmed,408.28,business
460,25,393,2025-03-12,2025-03-16,2025-01-13,converted_to_renting,314.0,business
461,278,464,2026-07-14,2026-07-16,2026-05-24,pending,527.46,leisure
462,149,544,2026-03-22,2026-03-28,2026-01-23,converted_to_renting,336.0,leisure
463,307,563,2026-03-20,2026-03-22,2026-03-10,converted_to_renting,400.0,leisure
464,71,120,2026-06-07,2026-06-10,2026-05-07,confirmed,834.9,business
465,303,457,2025-01-15,2025-01-19,2024-12-02,converted_to_renting,213.44,business
466,173,65,2025-03-18,2025-03-21,2025-02-22,converted_to_renting,421.0,business
467,296,109,2025-05-30,2025-06-05,2025-04-16,converted_to_renting,303.6,leisure
468,99,207,2025-09-21,2025-09-24,2025-06-15,converted_to_renting,290.52,event
469,166,457,2026-02-26,2026-02-28,2025-11-19,converted_to_renting,220.4,leisure
470,273,355,2025-02-19,2025-02-27,2024-11-08,converted_to_renting,456.95,leisure
471,143,185,2026-04-13,2026-04-15,2026-01-31,pending,426.3,leisure
472,2,430,2025-01-04,2025-01-09,2024-12-26,converted_to_renting,355.12,event
473,122,395,2026-02-12,2026-02-18,2026-01-02,converted_to_renting,393.3,leisure
474,106,276,2026-04-24,2026-04-26,2026-02-09,confirmed,767.55,leisure
475,98,222,2025-01-31,2025-02-03,2024-12-08,converted_to_renting,381.8,business
476,46,280,2026-06-24,2026-07-01,2026-03-31,confirmed,408.25,leisure
477,116,229,2025-09-09,2025-09-13,2025-05-31,converted_to_renting,289.44,event
478,325,403,2026-03-20,2026-03-21,2026-01-14,converted_to_renting,463.0,business
479,57,188,2025-06-06,2025-06-12,2025-03-22,converted_to_renting,553.15,leisure
480,250,160,2026-03-28,2026-03-30,2026-03-13,converted_to_renting,325.0,business
481,180,360,2025-07-11,2025-07-14,2025-03-31,converted_to_renting,809.48,leisure
482,99,143,2026-03-21,2026-03-24,2026-02-18,converted_to_renting,370.0,business
483,172,418,2025-09-16,2025-09-18,2025-07-31,converted_to_renting,322.92,leisure
484,83,51,2025-09-08,2025-09-10,2025-07-02,converted_to_renting,290.52,business
485,51,80,2026-03-23,2026-03-27,2026-03-05,converted_to_renting,428.0,business
486,213,543,2025-06-11,2025-06-20,2025-06-02,converted_to_renting,363.4,leisure
487,259,501,2026-05-24,2026-05-28,2026-03-12,pending,341.0,leisure
488,97,86,2026-03-24,2026-03-27,2026-01-27,converted_to_renting,207.0,business
489,323,330,2025-12-30,2026-01-01,2025-11-23,converted_to_renting,376.64,business
490,232,441,2025-11-19,2025-11-22,2025-09-27,converted_to_renting,294.0,leisure
491,315,358,2026-07-11,2026-07-14,2026-05-10,confirmed,425.98,business
492,31,337,2025-02-08,2025-02-17,2025-01-25,converted_to_renting,213.75,leisure
493,204,126,2025-10-25,2025-10-30,2025-10-20,converted_to_renting,385.22,leisure
494,73,9,2026-05-03,2026-05-07,2026-04-21,confirmed,301.4,business
495,276,191,2026-04-18,2026-04-20,2026-03-15,confirmed,447.3,event
496,304,297,2025-12-13,2025-12-15,2025-10-03,converted_to_renting,279.27,business
497,38,189,2026-04-19,2026-04-20,2026-03-07,confirmed,368.55,business
498,21,41,2026-05-20,2026-05-23,2026-03-19,confirmed,401.5,business
499,113,267,2025-01-05,2025-01-07,2024-10-10,converted_to_renting,309.12,leisure
500,302,20,2025-07-20,2025-07-24,2025-05-07,converted_to_renting,509.76,leisure
501,252,191,2026-06-26,2026-06-27,2026-06-18,confirmed,489.9,business
502,249,285,2025-08-19,2025-08-22,2025-05-07,converted_to_renting,365.4,event
503,22,536,2025-02-26,2025-03-02,2024-12-27,converted_to_renting,362.9,business
504,308,379,2025-06-16,2025-06-19,2025-02-17,converted_to_renting,569.25,business
505,321,354,2026-07-19,2026-07-23,2026-04-26,confirmed,496.78,event
506,118,187,2026-06-28,2026-07-01,2026-06-01,pending,587.65,business
507,309,523,2025-10-31,2025-11-04,2025-09-23,converted_to_renting,468.65,leisure
508,283,454,2025-07-14,2025-07-18,2025-04-09,converted_to_renting,361.08,business
509,249,405,2026-05-06,2026-05-13,2026-03-18,confirmed,311.3,leisure
510,209,546,2026-03-28,2026-04-01,2026-01-23,converted_to_renting,416.0,business
511,99,368,2025-09-26,2025-09-28,2025-06-23,converted_to_renting,441.72,leisure
512,158,105,2025-05-30,2025-06-04,2025-05-17,converted_to_renting,311.3,leisure
513,32,142,2025-06-17,2025-06-19,2025-02-19,converted_to_renting,373.75,leisure
514,125,308,2025-02-22,2025-02-26,2025-01-29,converted_to_renting,442.7,business
515,300,15,2026-07-08,2026-07-16,2026-04-18,confirmed,326.86,leisure
516,316,424,2025-09-05,2025-09-07,2025-05-16,converted_to_renting,411.48,leisure
517,199,324,2026-05-14,2026-05-16,2026-03-29,confirmed,764.5,business
518,316,190,2025-07-15,2025-07-18,2025-05-01,converted_to_renting,473.18,business
519,57,112,2025-11-25,2025-11-26,2025-08-16,converted_to_renting,358.68,business
520,320,420,2026-03-22,2026-03-24,2026-02-07,converted_to_renting,634.0,business
521,313,221,2026-04-09,2026-04-12,2026-01-19,confirmed,393.75,business
522,299,91,2026-01-05,2026-01-14,2025-12-01,converted_to_renting,379.04,leisure
523,215,378,2025-06-19,2025-06-27,2025-06-02,converted_to_renting,488.75,leisure
524,253,282,2025-02-18,2025-02-21,2024-12-24,converted_to_renting,413.25,business
525,296,169,2026-03-31,2026-04-04,2026-03-22,confirmed,194.0,business
526,46,165,2026-07-11,2026-07-14,2026-04-28,confirmed,354.0,event
527,279,406,2025-12-25,2025-12-30,2025-09-12,converted_to_renting,367.01,event
528,62,88,2025-01-05,2025-01-09,2024-11-08,converted_to_renting,259.44,event
529,278,251,2025-09-02,2025-09-06,2025-07-24,converted_to_renting,369.36,business
530,262,493,2025-09-10,2025-09-11,2025-07-01,converted_to_renting,264.6,business
531,290,486,2026-01-14,2026-01-23,2025-09-26,converted_to_renting,345.92,leisure
532,74,113,2026-03-26,2026-03-27,2026-02-15,converted_to_renting,396.0,business
533,216,426,2026-05-15,2026-05-17,2026-05-02,confirmed,496.1,leisure
534,88,1,2025-12-28,2026-01-01,2025-11-18,converted_to_renting,218.28,business
535,60,517,2026-04-28,2026-05-02,2026-03-07,confirmed,215.25,leisure
536,72,63,2025-06-28,2025-07-05,2025-05-30,converted_to_renting,403.65,leisure
537,177,25,2026-05-15,2026-05-16,2026-04-25,pending,281.6,business
538,17,524,2026-07-26,2026-07-29,2026-06-13,confirmed,489.7,business
539,112,302,2025-03-15,2025-03-22,2025-02-21,converted_to_renting,291.0,leisure
540,112,136,2026-02-25,2026-02-28,2026-01-12,converted_to_renting,294.5,leisure
541,230,102,2026-04-10,2026-04-11,2026-03-24,confirmed,407.4,business
542,169,554,2026-04-12,2026-04-15,2026-02-25,confirmed,288.75,business
543,196,66,2026-07-20,2026-07-23,2026-06-28,confirmed,549.88,leisure
544,16,396,2025-12-18,2025-12-20,2025-08-25,converted_to_renting,737.23,business
545,158,3,2026-03-28,2026-04-01,2026-01-07,converted_to_renting,269.0,business
546,69,527,2025-11-20,2025-11-22,2025-08-09,converted_to_renting,352.8,leisure
547,305,211,2025-11-10,2025-11-14,2025-10-12,converted_to_renting,440.02,business
548,176,156,2026-07-17,2026-07-21,2026-07-03,confirmed,813.02,event
549,171,560,2025-02-25,2025-03-02,2024-12-01,converted_to_renting,413.25,event
550,77,154,2026-05-14,2026-05-23,2026-02-25,confirmed,416.9,leisure
551,117,16,2026-06-25,2026-07-03,2026-04-25,pending,376.05,leisure
552,153,565,2025-10-15,2025-10-17,2025-08-15,converted_to_renting,172.01,event
553,35,172,2026-03-28,2026-04-03,2026-02-28,converted_to_renting,309.0,leisure
554,253,323,2026-06-22,2026-06-26,2026-03-26,confirmed,471.5,business
555,122,217,2025-04-01,2025-04-04,2024-12-15,converted_to_renting,236.25,business
556,92,361,2025-11-28,2025-12-03,2025-09-12,converted_to_renting,195.02,event
557,67,272,2025-06-02,2025-06-04,2025-03-08,converted_to_renting,570.4,business
558,315,204,2025-11-21,2025-11-25,2025-08-26,converted_to_renting,649.74,leisure
559,64,547,2026-02-09,2026-02-12,2025-12-06,converted_to_renting,452.2,leisure
560,302,32,2025-05-11,2025-05-15,2025-04-04,converted_to_renting,490.6,business
561,244,200,2026-07-26,2026-07-31,2026-06-30,cancelled,493.24,leisure
562,77,4,2026-07-14,2026-07-16,2026-05-14,confirmed,370.52,business
563,174,197,2026-04-09,2026-04-16,2026-02-11,cancelled,370.65,leisure
564,207,223,2026-06-02,2026-06-11,2026-05-02,confirmed,557.75,leisure
565,20,150,2026-04-02,2026-04-04,2026-01-06,confirmed,455.7,leisure
566,219,220,2026-04-25,2026-04-27,2026-03-28,confirmed,357.0,business
567,172,224,2025-08-20,2025-08-27,2025-06-10,converted_to_renting,522.0,leisure
568,172,310,2026-03-24,2026-03-31,2026-02-18,converted_to_renting,386.0,leisure
569,34,264,2025-04-08,2025-04-14,2025-03-04,converted_to_renting,693.0,leisure
570,234,556,2025-09-08,2025-09-09,2025-07-15,converted_to_renting,372.6,business
571,28,24,2026-01-06,2026-01-12,2025-12-17,converted_to_renting,622.84,leisure
572,325,311,2026-03-25,2026-03-28,2026-02-19,converted_to_renting,421.0,business
573,197,286,2025-09-27,2025-09-29,2025-08-19,converted_to_renting,410.4,business
574,88,472,2026-02-06,2026-02-10,2025-12-24,converted_to_renting,338.2,business
575,79,342,2026-07-02,2026-07-05,2026-06-08,confirmed,483.8,leisure
576,79,219,2025-04-04,2025-04-12,2025-03-17,converted_to_renting,299.25,leisure
577,54,26,2026-03-26,2026-03-28,2026-02-22,converted_to_renting,276.0,business
578,244,482,2025-03-29,2025-04-02,2025-02-28,converted_to_renting,236.0,business
579,87,230,2026-02-04,2026-02-08,2025-11-06,converted_to_renting,297.35,business
580,20,1,2026-01-10,2026-01-14,2025-09-25,converted_to_renting,187.68,business
581,275,155,2026-03-22,2026-03-25,2026-01-11,converted_to_renting,404.0,leisure
582,270,24,2026-03-07,2026-03-14,2025-12-10,converted_to_renting,677.0,leisure
583,208,119,2026-03-23,2026-03-28,2026-03-12,converted_to_renting,426.0,leisure
584,299,242,2025-03-15,2025-03-18,2025-02-25,converted_to_renting,212.0,business
585,113,147,2026-03-12,2026-03-18,2025-12-04,converted_to_renting,304.0,leisure
586,76,341,2026-04-09,2026-04-12,2026-01-23,cancelled,357.0,business
587,49,83,2025-12-02,2025-12-03,2025-11-29,converted_to_renting,388.41,business
588,144,62,2026-07-16,2026-07-20,2026-04-27,confirmed,390.58,leisure
589,7,191,2026-05-03,2026-05-07,2026-04-06,confirmed,468.6,business
590,177,165,2025-10-06,2025-10-15,2025-08-02,converted_to_renting,309.0,leisure
591,198,344,2025-04-19,2025-04-23,2025-03-17,converted_to_renting,462.0,leisure
592,245,271,2025-09-24,2025-09-26,2025-07-25,converted_to_renting,551.88,leisure
593,47,410,2025-01-11,2025-01-14,2024-09-14,converted_to_renting,201.48,business
594,269,536,2026-05-26,2026-05-30,2026-04-10,pending,420.2,leisure
595,320,1,2026-04-10,2026-04-17,2026-02-14,confirmed,214.2,leisure
596,62,257,2025-01-30,2025-02-03,2025-01-04,converted_to_renting,317.4,event
597,207,594,2026-07-21,2026-07-27,2026-06-03,confirmed,526.28,leisure
598,107,96,2026-04-12,2026-04-16,2026-01-26,cancelled,663.6,business
599,185,592,2026-06-24,2026-06-25,2026-04-15,confirmed,415.15,business
600,84,466,2026-05-18,2026-05-22,2026-04-02,confirmed,392.7,event
601,30,292,2026-07-03,2026-07-09,2026-04-17,confirmed,331.58,leisure
602,239,54,2026-06-24,2026-06-27,2026-06-04,confirmed,441.6,business
603,125,66,2025-06-04,2025-06-10,2025-03-24,converted_to_renting,535.9,leisure
604,72,43,2026-03-27,2026-04-03,2026-02-18,converted_to_renting,475.0,leisure
605,11,496,2026-04-23,2026-04-28,2026-02-02,confirmed,362.25,event
606,258,499,2025-01-24,2025-01-28,2024-12-31,converted_to_renting,437.0,leisure
607,217,473,2025-01-03,2025-01-09,2024-09-25,converted_to_renting,350.52,leisure
608,253,56,2025-10-27,2025-10-30,2025-10-01,converted_to_renting,426.42,business
609,60,540,2025-08-25,2025-08-30,2025-05-26,converted_to_renting,727.32,leisure
610,306,132,2026-03-25,2026-03-28,2026-01-10,converted_to_renting,639.0,leisure
611,223,401,2025-10-31,2025-11-03,2025-07-03,converted_to_renting,363.59,leisure
612,128,260,2025-07-07,2025-07-09,2025-06-08,converted_to_renting,513.3,event
613,186,82,2026-06-25,2026-06-28,2026-03-28,confirmed,371.45,leisure
614,281,175,2025-04-14,2025-04-18,2025-01-09,converted_to_renting,460.95,business
615,82,76,2026-06-16,2026-06-19,2026-05-16,pending,371.45,business
616,206,581,2026-07-04,2026-07-10,2026-05-24,confirmed,418.9,leisure
617,95,140,2025-12-09,2025-12-12,2025-09-03,converted_to_renting,449.4,business
618,52,87,2026-07-14,2026-07-17,2026-06-05,confirmed,267.86,leisure
619,116,185,2025-07-21,2025-07-25,2025-06-15,converted_to_renting,479.08,leisure
620,114,280,2025-10-27,2025-11-03,2025-07-20,converted_to_renting,365.65,leisure
621,217,415,2026-06-30,2026-07-08,2026-06-05,pending,487.6,leisure
622,272,550,2026-03-23,2026-03-26,2026-01-22,converted_to_renting,371.0,leisure
623,37,512,2026-03-24,2026-03-27,2026-02-02,converted_to_renting,486.0,business
624,209,57,2026-03-23,2026-03-26,2026-02-28,converted_to_renting,279.0,event
625,168,438,2025-09-10,2025-09-14,2025-06-30,converted_to_renting,459.0,business
626,317,469,2026-03-22,2026-03-23,2026-02-15,converted_to_renting,256.0,business
627,194,505,2025-01-03,2025-01-07,2024-11-15,converted_to_renting,253.92,business
628,65,151,2025-10-29,2025-11-01,2025-08-21,converted_to_renting,498.52,business
629,214,462,2026-05-28,2026-06-06,2026-04-27,confirmed,447.7,leisure
630,76,392,2026-03-29,2026-04-01,2026-01-13,converted_to_renting,449.0,business
631,270,554,2026-01-12,2026-01-14,2025-11-10,converted_to_renting,253.0,leisure
632,173,599,2026-03-31,2026-04-03,2026-03-15,pending,431.0,event
633,46,229,2025-01-13,2025-01-16,2024-12-28,converted_to_renting,246.56,event
634,117,156,2026-04-15,2026-04-22,2026-03-31,confirmed,723.45,leisure
635,114,358,2026-05-23,2026-06-01,2026-04-30,pending,397.1,leisure
636,87,551,2025-02-13,2025-02-14,2025-01-26,converted_to_renting,385.7,business
637,86,286,2025-09-11,2025-09-14,2025-05-19,converted_to_renting,410.4,business
638,182,431,2026-01-11,2026-01-13,2025-12-17,converted_to_renting,396.52,leisure
639,283,578,2026-03-26,2026-04-04,2026-02-21,converted_to_renting,270.0,leisure
640,152,478,2026-04-29,2026-05-06,2026-02-12,confirmed,394.8,leisure
641,292,304,2025-03-10,2025-03-12,2024-11-14,converted_to_renting,361.0,business
642,297,119,2026-05-21,2026-05-24,2026-05-15,confirmed,468.6,leisure
643,46,387,2025-01-03,2025-01-11,2024-10-20,converted_to_renting,284.28,leisure
644,224,183,2026-03-26,2026-03-27,2026-01-24,converted_to_renting,336.0,business
645,68,497,2025-08-15,2025-08-16,2025-07-29,converted_to_renting,423.4,business
646,321,303,2025-08-23,2025-08-30,2025-06-18,converted_to_renting,372.36,leisure
647,38,150,2026-05-19,2026-05-21,2026-03-16,confirmed,477.4,event
648,26,553,2026-06-04,2026-06-06,2026-04-08,confirmed,264.5,business
649,85,62,2025-01-21,2025-01-24,2024-11-05,converted_to_renting,304.52,business
650,284,133,2025-11-13,2025-11-14,2025-10-10,converted_to_renting,205.8,business
651,306,151,2026-03-22,2026-03-26,2026-02-14,converted_to_renting,484.0,business
652,41,509,2025-11-30,2025-12-04,2025-09-15,converted_to_renting,392.98,business
653,283,105,2025-04-21,2025-04-25,2025-03-12,converted_to_renting,297.15,business
654,207,144,2025-10-24,2025-10-28,2025-10-07,converted_to_renting,679.8,business
655,44,410,2026-03-10,2026-03-12,2026-02-23,converted_to_renting,219.0,business
656,106,216,2026-03-19,2026-03-24,2026-02-03,converted_to_renting,669.0,leisure
657,222,536,2025-09-02,2025-09-04,2025-07-10,converted_to_renting,412.56,business
658,269,105,2026-04-17,2026-04-18,2026-03-19,confirmed,297.15,business
659,185,414,2025-10-27,2025-10-31,2025-08-14,converted_to_renting,364.62,business
660,145,309,2026-07-07,2026-07-10,2026-06-26,confirmed,372.88,business
661,62,134,2026-03-19,2026-03-23,2026-03-15,converted_to_renting,260.0,business
662,133,124,2025-06-24,2025-06-28,2025-06-11,converted_to_renting,332.35,business
663,290,505,2025-12-02,2025-12-04,2025-09-15,converted_to_renting,295.32,leisure
664,305,594,2025-08-07,2025-08-13,2025-07-29,converted_to_renting,517.36,leisure
665,205,500,2026-02-22,2026-02-25,2025-11-29,converted_to_renting,437.0,leisure
666,78,324,2026-03-30,2026-03-31,2026-01-04,pending,695.0,business
667,43,546,2026-07-06,2026-07-09,2026-05-17,confirmed,490.88,business
668,285,350,2025-09-10,2025-09-17,2025-07-27,converted_to_renting,298.08,leisure
669,100,383,2026-04-03,2026-04-09,2026-01-28,confirmed,414.75,leisure
670,10,430,2025-10-12,2025-10-19,2025-09-06,converted_to_renting,397.58,leisure
671,198,511,2026-05-08,2026-05-12,2026-04-26,pending,584.1,leisure
672,208,315,2025-10-09,2025-10-15,2025-09-12,converted_to_renting,314.15,leisure
673,204,460,2025-10-18,2025-10-25,2025-07-09,converted_to_renting,331.66,leisure
674,27,599,2026-04-20,2026-04-24,2026-01-21,confirmed,452.55,business
675,243,168,2025-12-08,2025-12-09,2025-11-05,converted_to_renting,727.6,business
676,237,377,2026-02-03,2026-02-09,2026-01-11,converted_to_renting,346.75,leisure
677,16,566,2026-01-04,2026-01-05,2025-12-05,converted_to_renting,208.84,business
678,192,117,2025-06-27,2025-06-28,2025-03-16,converted_to_renting,409.4,business
679,271,342,2026-01-27,2026-02-02,2025-12-19,converted_to_renting,377.2,leisure
680,29,403,2025-11-11,2025-11-13,2025-07-20,converted_to_renting,453.74,business
681,300,111,2026-03-25,2026-03-30,2026-01-06,converted_to_renting,331.0,event
682,12,304,2026-03-30,2026-04-01,2026-03-09,pending,361.0,business
683,152,560,2025-09-02,2025-09-06,2025-08-15,converted_to_renting,469.8,business
684,148,366,2025-04-25,2025-05-03,2025-03-19,converted_to_renting,403.2,leisure
685,116,42,2026-06-17,2026-06-20,2026-04-09,confirmed,477.25,business
686,18,316,2025-11-14,2025-11-18,2025-09-14,converted_to_renting,333.2,event
687,69,597,2025-09-10,2025-09-17,2025-06-06,converted_to_renting,379.08,leisure
688,194,412,2026-03-07,2026-03-11,2025-12-15,converted_to_renting,294.0,event
689,323,400,2026-06-11,2026-06-15,2026-06-03,confirmed,359.95,business
690,139,37,2025-09-08,2025-09-09,2025-07-08,converted_to_renting,243.0,business
691,39,552,2026-05-27,2026-06-05,2026-05-01,confirmed,771.1,leisure
692,257,427,2026-03-01,2026-03-07,2025-11-05,converted_to_renting,506.0,leisure
693,287,82,2025-10-31,2025-11-08,2025-08-20,converted_to_renting,332.69,leisure
694,234,221,2025-05-19,2025-05-22,2025-01-21,converted_to_renting,412.5,business
695,79,544,2026-05-22,2026-05-23,2026-04-11,confirmed,369.6,business
696,115,40,2026-01-06,2026-01-11,2025-09-18,converted_to_renting,299.0,event
697,63,189,2025-12-28,2026-01-01,2025-09-26,converted_to_renting,375.57,business
698,312,136,2026-07-07,2026-07-09,2026-06-20,confirmed,365.8,business
699,293,31,2026-03-20,2026-03-24,2026-03-12,converted_to_renting,491.0,business
700,306,144,2025-01-04,2025-01-05,2024-12-10,converted_to_renting,607.2,business
701,258,594,2025-08-18,2025-08-23,2025-07-19,converted_to_renting,517.36,leisure
702,304,211,2026-03-21,2026-03-30,2026-02-21,converted_to_renting,449.0,leisure
703,93,150,2026-04-19,2026-04-24,2026-04-17,confirmed,455.7,leisure
704,225,433,2026-03-29,2026-04-03,2026-02-05,converted_to_renting,245.0,leisure
705,298,223,2025-06-08,2025-06-14,2025-04-26,converted_to_renting,557.75,leisure
706,203,213,2025-11-05,2025-11-12,2025-08-05,converted_to_renting,283.22,leisure
707,218,478,2025-12-14,2025-12-18,2025-09-27,converted_to_renting,402.32,event
708,141,178,2026-03-19,2026-03-22,2026-03-14,converted_to_renting,324.0,business
709,22,81,2026-01-15,2026-01-18,2025-11-09,converted_to_renting,264.96,business
710,292,133,2026-06-11,2026-06-19,2026-04-03,confirmed,241.5,leisure
711,315,524,2026-03-26,2026-03-30,2026-02-10,converted_to_renting,415.0,leisure
712,311,392,2026-04-27,2026-05-01,2026-03-11,confirmed,471.45,event
713,266,373,2025-04-02,2025-04-05,2025-03-05,converted_to_renting,267.75,leisure
714,112,416,2025-02-22,2025-03-03,2024-11-06,converted_to_renting,369.55,leisure
715,141,6,2025-08-24,2025-08-25,2025-06-09,converted_to_renting,451.24,business
716,59,432,2026-07-19,2026-07-22,2026-05-28,pending,862.58,leisure
717,140,294,2026-04-11,2026-04-12,2026-02-09,confirmed,400.05,business
718,293,596,2025-09-22,2025-09-25,2025-06-15,converted_to_renting,524.88,business
719,254,206,2026-07-13,2026-07-14,2026-04-14,pending,287.92,business
720,174,360,2025-11-02,2025-11-06,2025-09-29,converted_to_renting,672.28,leisure
721,100,305,2025-05-11,2025-05-12,2025-04-14,converted_to_renting,413.6,business
722,92,130,2026-03-19,2026-03-24,2026-03-16,converted_to_renting,324.0,leisure
723,30,442,2026-03-29,2026-03-30,2026-03-07,converted_to_renting,355.0,business
724,233,18,2026-02-20,2026-03-01,2026-01-15,converted_to_renting,381.9,leisure
725,231,15,2026-03-21,2026-03-24,2026-02-22,converted_to_renting,277.0,business
726,154,371,2026-06-09,2026-06-11,2026-03-31,confirmed,401.35,business
727,87,222,2025-05-28,2025-06-01,2025-02-04,converted_to_renting,456.5,business
728,105,272,2025-02-28,2025-03-01,2025-02-13,converted_to_renting,471.2,business
729,190,92,2026-03-21,2026-03-23,2026-01-26,converted_to_renting,377.0,event
730,159,28,2026-04-20,2026-04-22,2026-02-26,confirmed,352.8,leisure
731,208,86,2025-11-06,2025-11-11,2025-07-17,converted_to_renting,202.86,event
732,143,575,2025-12-24,2025-12-27,2025-11-19,converted_to_renting,349.89,leisure
733,14,313,2026-07-04,2026-07-06,2026-05-22,pending,295.0,leisure
734,96,443,2025-08-30,2025-09-06,2025-08-16,converted_to_renting,458.2,leisure
735,321,339,2026-04-15,2026-04-19,2026-03-02,cancelled,283.5,leisure
736,12,488,2025-12-24,2025-12-26,2025-10-19,converted_to_renting,429.07,event
737,7,200,2025-06-01,2025-06-02,2025-04-16,converted_to_renting,480.7,business
738,50,305,2026-03-25,2026-03-30,2026-02-25,converted_to_renting,376.0,event
739,90,541,2025-04-11,2025-04-17,2024-12-19,converted_to_renting,247.8,leisure
740,169,461,2025-03-06,2025-03-10,2024-12-08,converted_to_renting,352.0,event
741,44,467,2026-03-02,2026-03-03,2026-02-22,converted_to_renting,387.0,business
742,76,386,2025-11-10,2025-11-14,2025-10-04,converted_to_renting,278.32,event
743,256,130,2026-05-04,2026-05-07,2026-02-22,confirmed,356.4,business
744,11,289,2026-01-31,2026-02-09,2025-10-26,converted_to_renting,180.32,leisure
745,255,31,2026-06-21,2026-06-25,2026-05-10,confirmed,564.65,business
746,268,395,2026-07-06,2026-07-13,2026-04-19,confirmed,488.52,leisure
747,140,478,2025-08-04,2025-08-06,2025-06-28,converted_to_renting,436.16,business
748,1,180,2025-01-17,2025-01-24,2024-11-18,converted_to_renting,592.48,leisure
749,234,472,2026-07-12,2026-07-16,2026-05-02,confirmed,420.08,business
750,82,523,2025-11-13,2025-11-16,2025-07-30,converted_to_renting,445.9,business
751,31,55,2026-01-02,2026-01-06,2025-12-03,converted_to_renting,417.68,business
752,119,4,2025-12-18,2025-12-21,2025-09-12,converted_to_renting,335.98,business
753,67,139,2025-04-04,2025-04-07,2025-02-28,converted_to_renting,462.0,event
754,200,386,2025-07-02,2025-07-04,2025-05-01,converted_to_renting,335.12,event
755,27,253,2026-01-12,2026-01-17,2025-10-29,converted_to_renting,197.8,event
756,113,389,2025-04-02,2025-04-11,2025-02-09,converted_to_renting,408.45,leisure
757,76,469,2026-02-14,2026-02-17,2025-11-12,converted_to_renting,243.2,business
758,104,64,2026-03-19,2026-03-26,2026-02-20,converted_to_renting,376.0,leisure
759,144,158,2026-03-28,2026-04-04,2026-03-26,converted_to_renting,250.0,leisure
760,85,39,2026-07-11,2026-07-16,2026-06-05,confirmed,348.1,event
761,47,144,2026-05-04,2026-05-06,2026-04-06,confirmed,726.0,business
762,313,116,2026-03-27,2026-03-30,2026-01-22,converted_to_renting,476.0,business
763,290,552,2026-05-01,2026-05-04,2026-03-21,cancelled,771.1,leisure
764,53,123,2025-12-09,2025-12-10,2025-09-21,converted_to_renting,282.48,business
765,45,289,2026-04-18,2026-04-20,2026-01-22,confirmed,205.8,business
766,228,60,2026-06-22,2026-06-27,2026-05-23,pending,757.85,leisure
767,241,219,2025-06-02,2025-06-04,2025-03-17,converted_to_renting,327.75,event
768,8,453,2026-03-26,2026-04-04,2026-01-26,converted_to_renting,266.0,leisure
769,137,505,2025-02-11,2025-02-14,2025-01-15,converted_to_renting,262.2,leisure
770,180,45,2025-01-18,2025-01-22,2024-10-21,converted_to_renting,280.6,leisure
771,301,452,2025-10-06,2025-10-10,2025-09-18,converted_to_renting,402.73,business
772,309,156,2025-08-07,2025-08-12,2025-06-22,converted_to_renting,799.24,event
773,100,337,2026-03-22,2026-03-26,2026-02-17,converted_to_renting,225.0,business
774,164,552,2026-03-22,2026-03-26,2026-02-12,converted_to_renting,701.0,business
775,268,58,2026-03-19,2026-03-22,2026-01-07,converted_to_renting,324.0,business
776,9,63,2025-11-15,2025-11-17,2025-09-17,converted_to_renting,343.98,business
777,238,579,2025-09-17,2025-09-20,2025-05-28,converted_to_renting,307.8,leisure
778,195,565,2026-07-23,2026-08-01,2026-05-27,confirmed,197.06,leisure
779,165,39,2026-07-03,2026-07-05,2026-06-05,confirmed,348.1,business
780,228,109,2025-05-14,2025-05-18,2025-03-09,converted_to_renting,303.6,event
781,58,516,2026-07-21,2026-07-24,2026-07-16,pending,862.58,event
782,29,253,2026-07-12,2026-07-21,2026-07-08,confirmed,253.7,leisure
783,115,306,2025-10-13,2025-10-15,2025-08-01,converted_to_renting,459.38,business
784,304,588,2026-07-12,2026-07-16,2026-06-04,confirmed,796.5,business
785,319,585,2026-06-05,2026-06-06,2026-04-24,confirmed,333.5,business
786,54,342,2025-10-28,2025-11-04,2025-09-25,converted_to_renting,422.3,leisure
787,312,402,2026-06-15,2026-06-16,2026-03-18,confirmed,463.45,business
