renting_id,booking_id,customer_id,room_id,employee_id,rent_start_date,rent_end_date,check_in_date,nightly_rate_charged,tax_amount,total_amount,rent_status
1,2,142,249,185,2025-02-11,2025-02-14,2025-02-11,225.15,87.81,763.26,completed
2,3,37,587,435,2025-06-13,2025-06-16,2025-06-13,448.5,201.49,1546.99,completed
3,4,88,14,17,2025-11-19,2025-11-20,2025-11-19,256.76,27.6,284.36,completed
4,5,134,536,400,2025-08-05,2025-08-08,2025-08-05,443.12,172.82,1502.18,completed
5,6,114,100,74,2026-01-19,2026-01-25,2026-01-19,287.96,224.61,1952.37,completed
6,8,52,600,442,2025-09-30,2025-10-03,2025-09-30,767.88,236.12,2539.76,completed
7,,229,523,389,2026-03-23,2026-03-29,2026-03-23,455.0,136.5,2866.5,active
8,11,212,40,35,2025-04-21,2025-04-29,2025-04-21,341.25,279.82,3009.82,completed
9,13,9,318,235,2025-02-08,2025-02-12,2025-02-08,394.25,220.78,1797.78,completed
10,15,290,46,31,2026-03-19,2026-03-23,2026-03-19,355.0,145.55,1565.55,completed
11,16,114,103,77,2025-08-31,2025-09-03,2025-08-31,513.88,200.41,1742.05,completed
12,18,36,519,393,2025-05-17,2025-05-26,2025-05-17,286.0,128.7,2702.7,completed
13,,115,63,54,2026-03-25,2026-03-28,2026-03-25,351.0,126.36,1179.36,completed
14,20,211,396,297,2026-03-29,2026-03-31,2026-03-29,689.0,179.14,1557.14,active
15,23,228,371,278,2025-07-15,2025-07-17,2025-07-15,411.82,84.42,908.06,completed
16,26,214,538,404,2025-08-16,2025-08-18,2025-08-16,332.92,86.56,752.4,completed
17,27,57,17,12,2026-03-25,2026-03-28,2026-03-25,352.0,113.52,1169.52,completed
18,28,242,486,369,2026-02-23,2026-02-25,2026-02-23,357.2,76.8,791.2,completed
19,30,247,535,399,2025-08-12,2025-08-18,2025-08-12,472.12,368.25,3200.97,completed
20,31,226,433,331,2026-03-26,2026-03-28,2026-03-26,245.0,63.7,553.7,completed
21,32,167,241,184,2025-02-09,2025-02-11,2025-02-09,158.65,41.25,358.55,completed
22,33,262,41,29,2025-08-04,2025-08-08,2025-08-04,423.4,173.59,1867.19,completed
23,34,62,195,146,2026-03-24,2026-03-28,2026-03-24,278.0,144.56,1256.56,completed
24,35,320,535,399,2025-05-21,2025-05-25,2025-05-21,447.7,232.8,2023.6,completed
25,36,284,488,364,2026-03-25,2026-03-27,2026-03-25,401.0,86.22,888.22,completed
26,37,322,260,195,2025-11-11,2025-11-15,2025-11-11,426.3,255.35,1960.55,completed
27,41,26,141,103,2025-11-11,2025-11-14,2025-11-11,284.2,42.63,895.23,completed
28,42,264,110,88,2026-03-25,2026-03-28,2026-03-25,326.0,127.14,1105.14,completed
29,43,182,461,348,2026-01-13,2026-01-16,2026-01-13,323.84,104.44,1075.96,completed
30,46,202,346,259,2025-07-23,2025-07-27,2025-07-23,401.2,240.32,1845.12,completed
31,48,135,483,362,2026-03-21,2026-03-23,2026-03-21,246.0,52.89,544.89,completed
32,50,19,89,72,2026-03-24,2026-04-02,2026-03-24,302.0,353.34,3071.34,active
33,52,19,425,323,2025-07-22,2025-07-23,2025-07-22,490.88,63.81,554.69,completed
34,53,13,274,202,2025-11-02,2025-11-08,2025-11-02,388.08,302.7,2631.18,completed
35,54,227,449,341,2025-11-10,2025-11-14,2025-11-10,314.58,135.27,1393.59,completed
36,55,311,341,253,2025-09-26,2025-09-28,2025-09-26,367.2,109.98,844.38,completed
37,56,154,563,421,2025-07-26,2025-07-28,2025-07-26,472.0,96.76,1040.76,completed
38,58,145,298,219,2026-01-11,2026-01-16,2026-01-11,281.52,151.32,1558.92,completed
39,59,35,14,16,2025-10-17,2025-10-21,2025-10-17,269.86,116.04,1195.48,completed
40,60,163,11,8,2025-05-22,2025-05-24,2025-05-22,405.9,97.42,909.22,completed
41,61,277,184,136,2026-03-20,2026-03-25,2026-03-20,366.0,237.9,2067.9,completed
42,,45,307,226,2026-03-19,2026-03-22,2026-03-19,501.0,225.07,1728.07,completed
43,65,314,265,207,2025-06-05,2025-06-10,2025-06-05,317.4,206.31,1793.31,completed
44,66,155,67,52,2026-03-23,2026-03-26,2026-03-23,536.0,192.96,1800.96,completed
45,67,161,592,446,2025-02-20,2025-03-01,2025-02-20,342.95,316.37,3402.92,completed
46,68,301,589,445,2026-02-13,2026-02-15,2026-02-13,247.95,50.83,546.73,completed
47,69,302,452,336,2025-06-11,2025-06-14,2025-06-11,449.65,145.01,1493.96,completed
48,73,309,534,399,2026-03-25,2026-03-30,2026-03-25,362.0,235.3,2045.3,active
49,75,93,295,220,2026-03-26,2026-03-27,2026-03-26,426.0,45.8,471.8,completed
50,77,218,198,149,2025-01-20,2025-01-23,2025-01-20,366.16,142.8,1241.28,completed
51,79,162,567,427,2025-01-30,2025-01-31,2025-01-30,218.04,28.35,246.39,completed
52,80,282,99,75,2026-03-20,2026-03-24,2026-03-20,283.0,147.16,1279.16,completed
53,,245,233,177,2026-03-26,2026-03-28,2026-03-26,393.0,84.5,870.5,completed
54,82,174,502,370,2026-02-27,2026-03-04,2026-02-27,332.5,216.12,1878.62,completed
55,85,215,106,79,2025-02-11,2025-02-14,2025-02-11,325.85,127.08,1104.63,completed
56,,78,436,331,2026-03-28,2026-04-01,2026-03-28,335.0,174.2,1514.2,active
57,,52,506,380,2026-03-26,2026-03-29,2026-03-26,331.0,139.02,1132.02,active
58,88,246,595,445,2025-04-26,2025-04-29,2025-04-26,536.55,164.99,1774.64,completed
59,90,3,521,391,2025-11-30,2025-12-04,2025-11-30,343.0,68.6,1440.6,completed
60,,89,181,139,2026-03-19,2026-03-20,2026-03-19,281.0,36.53,317.53,completed
61,92,195,290,218,2026-03-20,2026-03-24,2026-03-20,241.0,103.63,1067.63,completed
62,93,129,33,23,2025-10-11,2025-10-19,2025-10-11,325.48,130.19,2734.03,completed
63,94,190,96,65,2025-10-01,2025-10-05,2025-10-01,650.96,338.5,2942.34,completed
64,95,93,476,352,2025-12-10,2025-12-14,2025-12-10,477.22,95.44,2004.32,completed
65,96,225,439,330,2025-03-13,2025-03-16,2025-03-13,475.0,185.25,1610.25,completed
66,,215,582,435,2026-03-25,2026-03-28,2026-03-25,405.0,181.95,1396.95,completed
67,97,325,7,6,2026-03-26,2026-03-30,2026-03-26,464.0,222.72,2078.72,active
68,98,200,414,315,2026-03-28,2026-04-02,2026-03-28,354.0,265.06,2035.06,active
69,101,159,595,450,2025-08-07,2025-08-08,2025-08-07,592.76,60.76,653.52,completed
70,102,176,268,207,2025-03-09,2025-03-14,2025-03-09,376.0,244.4,2124.4,completed
71,103,184,175,127,2025-10-08,2025-10-10,2025-10-08,452.17,117.56,1021.9,completed
72,105,286,38,34,2025-02-12,2025-02-21,2025-02-12,251.75,232.24,2497.99,completed
73,106,84,490,367,2025-12-21,2025-12-25,2025-12-21,322.07,138.49,1426.77,completed
74,107,186,133,105,2026-03-21,2026-03-24,2026-03-21,210.0,31.5,661.5,completed
75,109,284,166,122,2025-04-30,2025-05-03,2025-04-30,346.5,155.67,1195.17,completed
76,111,4,68,47,2025-03-28,2025-03-31,2025-03-28,506.0,182.16,1700.16,completed
77,112,270,204,151,2026-03-20,2026-03-25,2026-03-20,663.0,430.95,3745.95,completed
78,113,261,36,22,2025-10-07,2025-10-10,2025-10-07,706.58,105.99,2225.73,completed
79,114,140,537,405,2025-04-09,2025-04-11,2025-04-09,269.85,70.16,609.86,completed
80,116,302,158,123,2025-05-02,2025-05-04,2025-05-02,275.0,82.36,632.36,completed
81,118,91,499,373,2025-12-04,2025-12-07,2025-12-04,508.25,198.22,1722.97,completed
82,121,149,184,144,2025-05-01,2025-05-07,2025-05-01,402.6,314.03,2729.63,completed
83,122,7,230,179,2026-03-26,2026-04-02,2026-03-26,313.0,235.53,2426.53,active
84,123,34,347,255,2026-03-22,2026-03-25,2026-03-22,370.0,166.22,1276.22,completed
85,124,213,1,7,2025-05-28,2025-05-30,2025-05-28,224.4,53.86,502.66,completed
86,125,142,341,253,2026-03-23,2026-03-27,2026-03-23,340.0,203.66,1563.66,completed
87,126,310,590,445,2026-03-28,2026-04-05,2026-03-28,316.0,259.12,2787.12,active
88,127,110,334,249,2026-03-26,2026-03-31,2026-03-26,307.0,199.55,1734.55,active
89,128,54,589,448,2025-05-18,2025-05-23,2025-05-18,287.1,147.14,1582.64,completed
90,129,233,242,184,2025-10-10,2025-10-16,2025-10-10,218.36,170.32,1480.48,completed
91,130,126,373,288,2026-03-28,2026-04-06,2026-03-28,255.0,321.3,2616.3,active
92,131,210,347,253,2026-03-29,2026-04-03,2026-03-29,370.0,277.04,2127.04,active
93,132,276,517,393,2025-03-10,2025-03-15,2025-03-10,205.0,51.25,1076.25,completed
94,133,297,130,96,2026-03-06,2026-03-09,2026-03-06,324.0,99.63,1071.63,completed
95,134,239,557,421,2026-01-12,2026-01-20,2026-01-12,331.2,271.58,2921.18,completed
96,135,173,45,29,2026-03-29,2026-04-02,2026-03-29,305.0,125.05,1345.05,active
97,136,259,237,174,2026-03-02,2026-03-04,2026-03-02,323.0,69.44,715.44,completed
98,137,127,493,373,2026-01-03,2026-01-08,2026-01-03,225.4,146.51,1273.51,completed
99,138,193,271,204,2026-01-16,2026-01-20,2026-01-16,470.12,244.46,2124.94,completed
100,139,94,211,159,2025-06-29,2025-07-01,2025-06-29,516.35,144.58,1177.28,completed
101,141,204,576,430,2025-10-22,2025-10-26,2025-10-22,640.66,333.14,2895.78,completed
102,143,171,87,66,2025-04-27,2025-05-01,2025-04-27,238.35,123.94,1077.34,completed
103,144,307,518,392,2025-01-13,2025-01-17,2025-01-13,225.4,45.08,946.68,completed
104,145,22,100,77,2026-02-22,2026-02-26,2026-02-22,297.35,154.62,1344.02,completed
105,146,141,153,117,2025-07-17,2025-07-19,2025-07-17,382.32,99.4,864.04,completed
106,147,183,560,416,2025-10-14,2025-10-18,2025-10-14,448.05,183.7,1975.9,completed
107,148,192,137,101,2025-07-28,2025-07-31,2025-07-28,413.0,61.95,1300.95,completed
108,149,103,33,19,2025-05-14,2025-05-16,2025-05-14,347.6,34.76,729.96,completed
109,,53,353,269,2026-03-29,2026-04-02,2026-03-29,366.0,73.2,1537.2,active
110,153,80,541,414,2025-11-12,2025-11-20,2025-11-12,231.28,92.51,1942.75,completed
111,154,195,284,212,2026-03-25,2026-03-28,2026-03-25,455.0,163.8,1528.8,completed
112,,13,421,324,2026-03-29,2026-03-31,2026-03-29,276.0,71.76,623.76,active
113,158,53,273,200,2026-03-27,2026-03-31,2026-03-27,356.0,185.12,1609.12,active
114,159,4,492,361,2025-02-04,2025-02-11,2025-02-04,613.7,461.81,4757.71,completed
115,160,204,234,175,2026-03-29,2026-04-06,2026-03-29,443.0,380.98,3924.98,active
116,163,152,238,180,2026-03-23,2026-03-27,2026-03-23,373.0,160.39,1652.39,completed
117,165,123,383,288,2025-11-24,2025-11-29,2025-11-24,387.1,270.97,2206.47,completed
118,166,21,31,21,2026-03-24,2026-03-30,2026-03-24,491.0,147.3,3093.3,active
119,167,158,466,346,2025-10-24,2025-10-26,2025-10-24,367.71,79.06,814.48,completed
120,168,126,132,93,2026-02-27,2026-03-08,2026-02-27,607.05,560.0,6023.45,completed
121,,25,249,183,2026-03-24,2026-03-28,2026-03-24,237.0,123.24,1071.24,completed
122,169,133,365,273,2025-12-27,2026-01-03,2025-12-27,341.33,244.9,2634.21,completed
123,170,95,64,46,2025-07-01,2025-07-06,2025-07-01,443.68,266.21,2484.61,completed
124,171,31,358,270,2026-02-25,2026-02-26,2026-02-25,342.95,17.15,360.1,completed
125,173,258,256,193,2025-01-18,2025-01-21,2025-01-18,294.4,132.26,1015.46,completed
126,174,236,561,419,2025-08-08,2025-08-15,2025-08-08,342.2,245.53,2640.93,completed
127,175,134,30,22,2026-01-28,2026-01-29,2026-01-28,387.32,19.37,406.69,completed
128,176,227,405,303,2026-03-19,2026-03-28,2026-03-19,283.0,331.11,2878.11,completed
129,178,34,171,135,2025-09-27,2025-09-29,2025-09-27,279.72,72.73,632.17,completed
130,179,68,38,31,2026-03-21,2026-03-27,2026-03-21,265.0,162.97,1752.97,completed
131,,12,463,346,2026-03-19,2026-03-27,2026-03-19,472.0,405.92,4181.92,completed
132,180,70,405,304,2025-05-24,2025-05-26,2025-05-24,311.3,80.94,703.54,completed
133,181,11,384,281,2025-01-17,2025-01-20,2025-01-17,634.8,266.62,2171.02,completed
134,182,286,348,261,2026-02-07,2026-02-14,2026-02-07,627.0,657.25,5046.25,completed
135,,85,43,28,2026-03-19,2026-03-21,2026-03-19,475.0,97.38,1047.38,completed
136,185,216,441,333,2025-11-28,2025-11-30,2025-11-28,294.0,76.44,664.44,completed
137,,240,178,127,2026-03-27,2026-04-03,2026-03-27,324.0,294.84,2562.84,active
138,186,293,11,6,2025-01-26,2025-01-31,2025-01-26,339.48,203.69,1901.09,completed
139,187,242,209,160,2026-01-04,2026-01-07,2026-01-04,321.08,134.85,1098.09,completed
140,189,270,69,51,2025-05-11,2025-05-13,2025-05-11,386.1,92.66,864.86,completed
141,190,98,141,100,2025-12-28,2025-12-31,2025-12-28,310.3,46.55,977.45,completed
142,191,97,73,62,2025-05-09,2025-05-11,2025-05-09,239.8,62.35,541.95,completed
143,192,283,43,29,2026-02-08,2026-02-15,2026-02-08,451.25,323.77,3482.52,completed
144,193,9,219,170,2025-01-12,2025-01-16,2025-01-12,262.2,107.5,1156.3,completed
145,,101,301,228,2026-03-21,2026-03-25,2026-03-21,261.0,156.34,1200.34,completed
146,194,187,80,61,2025-01-15,2025-01-19,2025-01-15,393.76,204.76,1779.8,completed
147,195,298,226,163,2026-03-25,2026-03-27,2026-03-25,350.0,71.75,771.75,completed
148,196,94,199,151,2026-03-21,2026-03-22,2026-03-21,443.0,57.59,500.59,completed
149,,322,292,222,2026-03-21,2026-03-23,2026-03-21,281.0,60.41,622.41,completed
150,197,212,249,182,2025-07-29,2025-07-30,2025-07-29,279.66,36.36,316.02,completed
151,198,84,542,413,2025-03-08,2025-03-11,2025-03-08,286.0,42.9,900.9,completed
152,199,166,1,9,2025-08-06,2025-08-08,2025-08-06,236.64,56.79,530.07,completed
153,,105,368,273,2026-03-20,2026-03-23,2026-03-20,409.0,125.77,1352.77,completed
154,202,226,559,417,2025-11-19,2025-11-23,2025-11-19,470.4,192.86,2074.46,completed
155,203,80,72,51,2025-06-16,2025-06-21,2025-06-16,846.4,507.84,4739.84,completed
156,204,229,61,48,2026-03-22,2026-03-29,2026-03-22,281.0,236.04,2203.04,active
157,206,43,387,292,2026-01-24,2026-01-27,2026-01-24,284.28,110.87,963.71,completed
158,208,84,51,41,2025-03-26,2025-03-31,2025-03-26,269.0,188.3,1533.3,completed
159,209,307,228,169,2025-07-23,2025-07-27,2025-07-23,814.2,333.82,3590.62,completed
160,210,208,2,9,2026-03-19,2026-03-21,2026-03-19,264.0,63.36,591.36,completed
161,,202,265,202,2026-03-22,2026-03-28,2026-03-22,276.0,215.28,1871.28,completed
162,213,81,265,207,2025-07-18,2025-07-25,2025-07-18,325.68,296.37,2576.13,completed
163,214,262,553,423,2025-01-18,2025-01-22,2025-01-18,211.6,86.76,933.16,completed
164,215,295,167,120,2025-11-27,2025-11-29,2025-11-27,367.5,110.07,845.07,completed
165,216,231,363,279,2026-03-19,2026-03-21,2026-03-19,249.0,51.04,549.04,completed
166,218,126,545,413,2025-10-25,2025-10-27,2025-10-25,392.43,39.24,824.1,completed
167,219,267,77,55,2026-03-20,2026-03-21,2026-03-20,353.0,45.89,398.89,completed
168,220,173,464,348,2026-03-22,2026-03-25,2026-03-22,447.0,144.16,1485.16,completed
169,221,220,164,125,2025-05-04,2025-05-06,2025-05-04,473.0,141.66,1087.66,completed
170,,307,83,56,2026-03-21,2026-03-25,2026-03-21,363.0,188.76,1640.76,completed
171,222,88,376,281,2025-02-18,2025-02-21,2025-02-18,323.0,135.66,1104.66,completed
172,223,36,106,74,2026-03-21,2026-03-27,2026-03-21,343.0,267.54,2325.54,completed
173,224,12,593,442,2025-03-15,2025-03-16,2025-03-15,396.0,40.59,436.59,completed
174,,308,414,315,2026-03-24,2026-03-27,2026-03-24,354.0,159.03,1221.03,completed
175,225,20,387,292,2025-08-21,2025-08-30,2025-08-21,358.44,419.37,3645.33,completed
176,226,140,478,354,2025-11-05,2025-11-09,2025-11-05,368.48,73.7,1547.62,completed
177,227,286,473,357,2025-08-25,2025-08-27,2025-08-25,441.96,44.2,928.12,completed
178,,203,370,278,2026-03-20,2026-03-29,2026-03-20,314.0,289.66,3115.66,active
179,229,155,439,330,2025-06-30,2025-07-01,2025-06-30,546.25,71.01,617.26,completed
180,,221,412,313,2026-03-23,2026-03-27,2026-03-23,294.0,176.11,1352.11,completed
181,232,324,345,261,2026-01-27,2026-01-29,2026-01-27,257.6,77.15,592.35,completed
182,235,225,524,392,2025-07-05,2025-07-08,2025-07-05,489.7,73.45,1542.55,completed
183,236,140,321,241,2026-03-26,2026-03-28,2026-03-26,325.0,91.0,741.0,completed
184,,229,406,299,2026-03-26,2026-03-28,2026-03-26,343.0,89.18,775.18,completed
185,238,159,104,77,2025-01-17,2025-01-19,2025-01-17,389.16,101.18,879.5,completed
186,239,179,10,2,2026-01-12,2026-01-13,2026-01-12,316.48,37.98,354.46,completed
187,240,69,427,318,2025-01-08,2025-01-11,2025-01-08,465.52,181.55,1578.11,completed
188,242,1,30,20,2026-02-13,2026-02-20,2026-02-13,399.95,139.98,2939.63,completed
189,243,60,350,269,2025-10-10,2025-10-18,2025-10-10,284.28,113.71,2387.95,completed
190,244,130,81,59,2025-08-28,2025-09-04,2025-08-28,334.08,304.01,2642.57,completed
191,245,297,118,88,2025-12-15,2025-12-19,2025-12-15,429.07,223.12,1939.4,completed
192,246,26,560,422,2025-11-05,2025-11-10,2025-11-05,426.3,218.48,2349.98,completed
193,247,103,477,355,2025-03-09,2025-03-12,2025-03-09,306.0,45.9,963.9,completed
194,249,39,174,130,2025-07-10,2025-07-12,2025-07-10,441.32,114.74,997.38,completed
195,252,91,2,4,2026-03-07,2026-03-09,2026-03-07,264.0,63.36,591.36,completed
196,253,152,522,388,2025-07-29,2025-08-06,2025-07-29,460.2,184.08,3865.68,completed
197,254,15,34,19,2026-03-20,2026-03-29,2026-03-20,376.0,169.2,3553.2,active
198,255,180,157,122,2025-04-06,2025-04-13,2025-04-06,236.25,247.65,1901.4,completed
199,,47,323,235,2026-03-24,2026-03-29,2026-03-24,410.0,287.0,2337.0,active
200,,133,566,431,2026-03-21,2026-03-24,2026-03-21,227.0,88.53,769.53,completed
201,259,249,424,324,2026-03-28,2026-04-04,2026-03-28,381.0,346.71,3013.71,active
202,,256,345,259,2026-03-28,2026-03-30,2026-03-28,280.0,83.86,643.86,active
203,261,287,40,31,2025-03-29,2025-03-31,2025-03-29,325.0,66.62,716.62,completed
204,262,82,311,229,2025-10-06,2025-10-08,2025-10-06,433.63,129.87,997.13,completed
205,263,146,574,429,2025-11-24,2025-11-25,2025-11-24,295.96,38.47,334.43,completed
206,264,267,420,311,2025-01-28,2025-02-02,2025-01-28,583.28,436.73,3353.13,completed
207,268,134,347,256,2025-05-22,2025-05-29,2025-05-22,407.0,426.64,3275.64,completed
208,270,294,137,104,2025-05-10,2025-05-13,2025-05-10,385.0,57.75,1212.75,completed
209,271,87,103,73,2026-03-20,2026-03-24,2026-03-20,443.0,230.36,2002.36,completed
210,272,196,354,262,2025-11-09,2025-11-17,2025-11-09,412.58,165.03,3465.67,completed
211,274,64,320,242,2025-05-25,2025-05-31,2025-05-25,506.0,425.04,3461.04,completed
212,275,240,162,120,2025-12-15,2025-12-17,2025-12-15,422.65,126.58,971.88,completed
213,278,16,451,336,2025-12-19,2025-12-20,2025-12-19,455.82,49.0,504.82,completed
214,,18,47,30,2026-03-19,2026-03-23,2026-03-19,400.0,164.0,1764.0,completed
215,,5,29,20,2026-03-25,2026-03-29,2026-03-25,376.0,75.2,1579.2,active
216,279,41,308,232,2025-10-01,2025-10-02,2025-10-01,479.98,71.88,551.86,completed
217,281,43,141,103,2026-03-21,2026-03-25,2026-03-21,290.0,58.0,1218.0,completed
218,282,154,183,140,2025-07-13,2025-07-21,2025-07-13,396.48,412.34,3584.18,completed
219,284,245,344,260,2026-03-27,2026-03-31,2026-03-27,440.0,263.56,2023.56,active
220,285,318,223,168,2025-09-29,2025-10-08,2025-09-29,523.8,483.21,5197.41,completed
221,286,57,240,172,2025-02-08,2025-02-10,2025-02-08,667.85,143.59,1479.29,completed
222,287,91,216,157,2026-03-28,2026-03-29,2026-03-28,669.0,93.66,762.66,active
223,288,176,407,300,2025-11-10,2025-11-14,2025-11-10,375.34,195.18,1696.54,completed
224,291,244,432,321,2026-03-19,2026-03-20,2026-03-19,731.0,95.03,826.03,completed
225,292,69,11,4,2025-10-26,2025-10-30,2025-10-26,380.07,182.43,1702.71,completed
226,293,61,275,202,2025-01-12,2025-01-18,2025-01-12,391.92,305.7,2657.22,completed
227,294,304,442,333,2025-08-27,2025-09-04,2025-08-27,411.8,428.27,3722.67,completed
228,,25,242,189,2026-03-20,2026-03-24,2026-03-20,212.0,110.24,958.24,completed
229,,214,352,269,2026-03-20,2026-03-22,2026-03-20,336.0,33.6,705.6,completed
230,295,124,577,434,2026-03-24,2026-03-28,2026-03-24,210.0,125.79,965.79,completed
231,301,194,536,399,2025-11-14,2025-11-17,2025-11-14,374.36,146.0,1269.08,completed
232,303,295,349,268,2025-12-22,2025-12-26,2025-12-22,273.92,54.78,1150.46,completed
233,304,156,95,66,2025-01-17,2025-01-19,2025-01-17,310.04,80.61,700.69,completed
234,,217,100,74,2026-03-25,2026-03-29,2026-03-25,313.0,162.76,1414.76,active
235,305,25,80,62,2025-06-25,2025-06-29,2025-06-25,492.2,255.94,2224.74,completed
236,306,192,131,98,2025-08-24,2025-08-29,2025-08-24,422.24,216.4,2327.6,completed
237,,181,455,342,2026-03-23,2026-03-25,2026-03-23,346.0,74.39,766.39,completed
238,307,3,486,369,2025-12-15,2025-12-19,2025-12-15,402.32,173.0,1782.28,completed
239,308,175,418,315,2025-08-31,2025-09-02,2025-08-31,346.84,103.88,797.56,completed
240,309,65,231,178,2025-02-22,2025-02-27,2025-02-22,306.85,164.93,1699.18,completed
241,310,278,446,341,2025-10-27,2025-11-03,2025-10-27,227.63,171.29,1764.7,completed
242,311,112,99,77,2025-02-28,2025-03-05,2025-02-28,268.85,174.75,1519.0,completed
243,312,279,434,329,2026-03-03,2026-03-08,2026-03-03,280.0,182.0,1582.0,completed
244,313,120,447,335,2025-04-25,2025-04-27,2025-04-25,274.05,58.92,607.02,completed
245,314,102,150,110,2026-03-24,2026-03-28,2026-03-24,434.0,225.68,1961.68,completed
246,318,120,287,209,2025-07-02,2025-07-04,2025-07-02,477.9,114.7,1070.5,completed
247,319,308,161,119,2026-03-27,2026-03-31,2026-03-27,340.0,203.66,1563.66,active
248,,294,571,432,2026-03-22,2026-03-27,2026-03-22,412.0,267.8,2327.8,completed
249,321,3,133,103,2025-10-11,2025-10-15,2025-10-11,216.3,43.26,908.46,completed
250,,312,372,272,2026-03-19,2026-03-22,2026-03-19,639.0,196.49,2113.49,completed
251,322,320,540,405,2025-12-30,2026-01-03,2025-12-30,670.89,348.86,3032.42,completed
252,323,222,38,30,2025-12-16,2025-12-25,2025-12-16,283.55,261.57,2813.52,completed
253,324,209,206,162,2026-03-21,2026-03-25,2026-03-21,244.0,136.64,1112.64,completed
254,325,292,583,439,2025-11-03,2025-11-08,2025-11-03,455.7,341.21,2619.71,completed
255,327,304,451,339,2026-03-20,2026-03-24,2026-03-20,426.0,183.18,1887.18,completed
256,328,171,97,76,2025-06-23,2025-06-26,2025-06-23,250.7,97.77,849.87,completed
257,329,83,356,264,2025-08-21,2025-08-26,2025-08-21,540.56,135.14,2837.94,completed
258,330,266,40,33,2025-11-16,2025-11-19,2025-11-16,318.5,97.94,1053.44,completed
259,331,43,352,266,2025-12-07,2025-12-15,2025-12-07,359.52,143.81,3019.97,completed
260,333,175,576,425,2025-03-06,2025-03-10,2025-03-06,622.0,323.44,2811.44,completed
261,334,49,50,39,2025-07-28,2025-07-31,2025-07-28,282.02,118.45,964.51,completed
262,335,146,569,432,2025-10-18,2025-10-23,2025-10-18,311.06,202.19,1757.49,completed
263,,298,492,361,2026-03-25,2026-03-28,2026-03-25,646.0,208.34,2146.34,completed
264,337,291,264,192,2026-03-25,2026-03-27,2026-03-25,660.0,197.67,1517.67,completed
265,338,157,477,357,2025-07-09,2025-07-13,2025-07-09,361.08,72.22,1516.54,completed
266,340,211,275,204,2025-08-13,2025-08-15,2025-08-13,494.16,128.48,1116.8,completed
267,342,107,129,91,2025-09-23,2025-09-28,2025-09-23,279.72,143.36,1541.96,completed
268,343,2,459,346,2025-08-08,2025-08-16,2025-08-08,327.12,281.32,2898.28,completed
269,344,139,552,406,2025-06-03,2025-06-09,2025-06-03,806.15,241.84,5078.74,completed
270,345,77,525,392,2025-04-12,2025-04-14,2025-04-12,283.5,28.35,595.35,completed
271,,65,115,84,2026-03-23,2026-03-28,2026-03-23,521.0,338.65,2943.65,completed
272,348,35,134,107,2025-05-10,2025-05-13,2025-05-10,286.0,42.9,900.9,completed
273,,179,587,438,2026-03-22,2026-03-25,2026-03-22,390.0,175.21,1345.21,completed
274,349,65,113,85,2026-03-28,2026-04-02,2026-03-28,396.0,257.4,2237.4,active
275,350,319,527,393,2025-03-23,2025-03-29,2025-03-23,360.0,108.0,2268.0,completed
276,351,194,419,309,2026-03-28,2026-03-31,2026-03-28,334.0,150.05,1152.05,active
277,353,322,529,404,2025-02-24,2025-02-25,2025-02-24,168.15,21.86,190.01,completed
278,,61,41,28,2026-03-25,2026-03-26,2026-03-25,365.0,37.41,402.41,completed
279,355,325,261,190,2025-11-13,2025-11-15,2025-11-13,289.1,86.59,664.79,completed
280,,100,255,194,2026-03-26,2026-03-30,2026-03-26,285.0,170.72,1310.72,active
281,356,324,476,352,2026-03-03,2026-03-07,2026-03-03,446.0,89.2,1873.2,completed
282,357,320,315,240,2025-01-09,2025-01-12,2025-01-09,280.6,117.85,959.65,completed
283,358,181,572,425,2025-07-31,2025-08-02,2025-07-31,450.76,117.2,1018.72,completed
284,359,68,502,374,2025-07-08,2025-07-10,2025-07-08,413.0,107.38,933.38,completed
285,360,48,317,235,2025-03-29,2025-03-31,2025-03-29,375.0,105.0,855.0,completed
286,361,5,531,401,2026-03-21,2026-03-24,2026-03-21,227.0,88.53,769.53,completed
287,362,126,579,436,2025-06-25,2025-06-29,2025-06-25,327.75,196.32,1507.32,completed
288,363,297,379,288,2026-01-09,2026-01-15,2026-01-09,455.4,382.54,3114.94,completed
289,364,202,215,161,2026-02-05,2026-02-08,2026-02-05,345.8,145.24,1182.64,completed
290,365,250,503,375,2025-12-18,2025-12-21,2025-12-18,433.35,169.01,1469.06,completed
291,366,167,171,134,2025-06-03,2025-06-11,2025-06-03,297.85,309.76,2692.56,completed
292,,165,152,117,2026-03-20,2026-03-24,2026-03-20,454.0,236.08,2052.08,completed
293,368,109,575,430,2025-09-04,2025-09-06,2025-09-04,353.16,91.82,798.14,completed
294,369,127,327,248,2025-07-23,2025-07-26,2025-07-23,285.56,111.37,968.05,completed
295,372,11,519,392,2026-03-04,2026-03-09,2026-03-04,260.0,65.0,1365.0,completed
296,373,320,550,411,2025-08-29,2025-09-02,2025-08-29,430.36,86.07,1807.51,completed
297,374,223,432,317,2026-03-22,2026-03-30,2026-03-22,731.0,760.24,6608.24,active
298,375,180,305,229,2025-10-13,2025-10-17,2025-10-13,387.28,231.98,1781.1,completed
299,378,281,277,210,2026-03-21,2026-03-23,2026-03-21,245.0,58.8,548.8,completed
300,380,60,595,443,2026-02-20,2026-02-22,2026-02-20,485.45,99.52,1070.42,completed
301,,320,416,312,2026-03-19,2026-03-21,2026-03-19,389.0,116.51,894.51,completed
302,381,127,223,166,2026-03-29,2026-03-31,2026-03-29,485.0,99.42,1069.42,active
303,383,157,439,327,2026-03-20,2026-03-21,2026-03-20,475.0,61.75,536.75,completed
304,384,27,60,45,2025-03-30,2025-04-02,2025-03-30,659.0,276.78,2253.78,completed
305,385,320,150,116,2025-10-06,2025-10-14,2025-10-06,447.02,464.9,4041.06,completed
306,387,58,258,194,2025-06-23,2025-07-01,2025-06-23,460.0,551.08,4231.08,completed
307,390,317,355,263,2026-03-23,2026-03-25,2026-03-23,481.0,48.1,1010.1,completed
308,392,306,319,240,2025-03-27,2025-04-04,2025-03-27,475.0,532.0,4332.0,completed
309,393,272,270,201,2025-03-08,2025-03-15,2025-03-08,466.0,424.06,3686.06,completed
310,394,200,526,395,2026-03-25,2026-03-28,2026-03-25,325.0,48.75,1023.75,completed
311,396,244,10,8,2026-03-28,2026-04-04,2026-03-28,344.0,288.96,2696.96,active
312,397,12,471,358,2025-03-31,2025-04-06,2025-03-31,301.0,90.3,1896.3,completed
313,398,274,303,226,2025-12-27,2026-01-04,2025-12-27,343.47,411.48,3159.24,completed
314,400,256,11,9,2025-10-03,2025-10-05,2025-10-03,380.07,91.22,851.36,completed
315,401,246,224,168,2025-11-27,2025-11-30,2025-11-27,441.0,135.61,1458.61,completed
316,403,90,413,308,2026-03-19,2026-03-22,2026-03-19,309.0,138.82,1065.82,completed
317,404,304,6,6,2026-03-20,2026-03-28,2026-03-20,389.0,373.44,3485.44,completed
318,406,74,471,352,2025-09-17,2025-09-19,2025-09-17,325.08,32.51,682.67,completed
319,,158,197,147,2026-03-23,2026-03-24,2026-03-23,353.0,45.89,398.89,completed
320,407,247,192,137,2026-03-23,2026-03-25,2026-03-23,721.0,187.46,1629.46,completed
321,408,62,322,236,2025-01-16,2025-01-22,2025-01-16,335.8,282.07,2296.87,completed
322,409,90,24,17,2026-03-22,2026-03-26,2026-03-22,677.0,291.11,2999.11,completed
323,410,75,317,239,2026-02-06,2026-02-13,2026-02-06,356.25,349.13,2842.88,completed
324,413,79,259,192,2025-01-22,2025-01-23,2025-01-22,418.6,62.69,481.29,completed
325,414,3,166,120,2026-03-28,2026-04-01,2026-03-28,330.0,197.67,1517.67,active
326,415,184,566,425,2026-02-02,2026-02-05,2026-02-02,215.65,84.1,731.05,completed
327,416,269,3,5,2026-02-21,2026-02-22,2026-02-21,255.55,30.67,286.22,completed
328,418,207,423,322,2025-04-29,2025-05-01,2025-04-29,347.55,90.36,785.46,completed
329,,130,579,441,2026-03-21,2026-03-25,2026-03-21,285.0,170.72,1310.72,completed
330,419,1,232,174,2025-12-11,2025-12-15,2025-12-11,393.76,169.32,1744.36,completed
331,422,207,392,291,2025-02-25,2025-03-01,2025-02-25,426.55,221.81,1928.01,completed
332,423,245,489,366,2025-04-29,2025-04-30,2025-04-29,263.55,28.33,291.88,completed
333,424,17,183,138,2025-12-06,2025-12-09,2025-12-06,359.52,140.21,1218.77,completed
334,425,293,27,21,2025-05-23,2025-05-26,2025-05-23,336.6,50.49,1060.29,completed
335,426,118,89,67,2025-11-05,2025-11-08,2025-11-05,295.96,115.42,1003.3,completed
336,428,156,104,81,2026-03-21,2026-03-25,2026-03-21,423.0,219.96,1911.96,completed
337,429,70,74,59,2025-05-05,2025-05-06,2025-05-05,289.3,37.61,326.91,completed
338,430,20,97,79,2025-12-14,2025-12-23,2025-12-14,233.26,272.91,2372.25,completed
339,,199,318,238,2026-03-28,2026-03-30,2026-03-28,415.0,116.2,946.2,active
340,432,287,558,415,2025-07-06,2025-07-08,2025-07-06,483.8,99.18,1066.78,completed
341,,12,237,180,2026-03-29,2026-04-01,2026-03-29,323.0,104.17,1073.17,active
342,433,230,120,84,2025-10-15,2025-10-19,2025-10-15,747.78,388.85,3379.97,completed
343,434,113,202,151,2025-04-30,2025-05-07,2025-04-30,360.15,327.74,2848.79,completed
344,436,84,352,268,2025-10-30,2025-11-01,2025-10-30,346.08,34.61,726.77,completed
345,438,53,528,390,2026-03-28,2026-03-30,2026-03-28,660.0,66.0,1386.0,active
346,,275,125,96,2026-03-20,2026-03-24,2026-03-20,319.0,130.79,1406.79,completed
347,439,276,470,357,2025-06-30,2025-07-08,2025-06-30,317.4,126.96,2666.16,completed
348,440,13,237,174,2025-09-22,2025-09-25,2025-09-22,348.84,112.5,1159.02,completed
349,442,269,188,140,2026-02-21,2026-03-02,2026-02-21,456.95,534.63,4647.18,completed
350,443,243,285,213,2025-03-04,2025-03-08,2025-03-04,315.0,151.2,1411.2,completed
351,444,106,222,163,2025-08-08,2025-08-10,2025-08-08,481.4,98.69,1061.49,completed
352,445,274,511,383,2025-04-24,2025-04-28,2025-04-24,557.55,312.23,2542.43,completed
353,446,238,498,371,2026-03-27,2026-03-30,2026-03-27,425.0,165.75,1440.75,active
354,,195,177,131,2026-03-27,2026-04-02,2026-03-27,264.0,205.92,1789.92,active
355,,229,395,292,2026-03-20,2026-03-23,2026-03-20,414.0,161.46,1403.46,completed
356,448,319,189,142,2025-12-20,2025-12-23,2025-12-20,375.57,146.47,1273.18,completed
357,449,273,92,68,2025-06-25,2025-07-03,2025-06-25,433.55,450.89,3919.29,completed
358,450,108,167,125,2025-08-20,2025-08-29,2025-08-20,435.0,586.27,4501.27,completed
359,,38,25,24,2026-03-24,2026-03-26,2026-03-24,256.0,25.6,537.6,completed
360,453,142,59,44,2026-03-05,2026-03-07,2026-03-05,359.0,100.52,818.52,completed
361,456,165,340,254,2025-05-16,2025-05-21,2025-05-16,346.5,259.44,1991.94,completed
362,457,146,337,255,2026-01-05,2026-01-06,2026-01-05,207.0,31.0,238.0,completed
363,458,19,410,313,2025-01-30,2025-01-31,2025-01-30,201.48,30.17,231.65,completed
364,460,25,393,291,2025-03-12,2025-03-16,2025-03-12,314.0,163.28,1419.28,completed
365,462,149,544,413,2026-03-22,2026-03-28,2026-03-22,336.0,100.8,2116.8,completed
366,,152,207,161,2026-03-23,2026-03-26,2026-03-23,269.0,112.98,919.98,completed
367,463,307,563,423,2026-03-20,2026-03-22,2026-03-20,400.0,82.0,882.0,completed
368,465,303,457,347,2025-01-15,2025-01-19,2025-01-15,213.44,91.78,945.54,completed
369,466,173,65,53,2025-03-18,2025-03-21,2025-03-18,421.0,151.56,1414.56,completed
370,467,296,109,82,2025-05-30,2025-06-05,2025-05-30,303.6,236.81,2058.41,completed
371,468,99,207,155,2025-09-21,2025-09-24,2025-09-21,290.52,122.02,993.58,completed
372,469,166,457,345,2026-02-26,2026-02-28,2026-02-26,220.4,47.39,488.19,completed
373,470,273,355,264,2025-02-19,2025-02-27,2025-02-19,456.95,182.78,3838.38,completed
374,472,2,430,318,2025-01-04,2025-01-09,2025-01-04,355.12,230.83,2006.43,completed
375,473,122,395,295,2026-02-12,2026-02-18,2026-02-12,393.3,306.77,2666.57,completed
376,,83,59,45,2026-03-29,2026-04-04,2026-03-29,359.0,301.56,2455.56,active
377,475,98,222,166,2025-01-31,2025-02-03,2025-01-31,381.8,117.4,1262.8,completed
378,477,116,229,179,2025-09-09,2025-09-13,2025-09-09,289.44,124.46,1282.22,completed
379,478,325,403,300,2026-03-20,2026-03-21,2026-03-20,463.0,60.19,523.19,completed
380,479,57,188,142,2025-06-06,2025-06-12,2025-06-06,553.15,431.46,3750.36,completed
381,480,250,160,120,2026-03-28,2026-03-30,2026-03-28,325.0,97.34,747.34,active
382,481,180,360,264,2025-07-11,2025-07-14,2025-07-11,809.48,121.42,2549.86,completed
383,482,99,143,107,2026-03-21,2026-03-24,2026-03-21,370.0,55.5,1165.5,completed
384,483,172,418,310,2025-09-16,2025-09-18,2025-09-16,322.92,96.71,742.55,completed
385,484,83,51,40,2025-09-08,2025-09-10,2025-09-08,290.52,81.35,662.39,completed
386,485,51,80,61,2026-03-23,2026-03-27,2026-03-23,428.0,222.56,1934.56,completed
387,486,213,543,408,2025-06-11,2025-06-20,2025-06-11,363.4,163.53,3434.13,completed
388,488,97,86,71,2026-03-24,2026-03-27,2026-03-24,207.0,80.73,701.73,completed
389,,239,195,146,2026-03-22,2026-03-24,2026-03-22,278.0,72.28,628.28,completed
390,489,323,330,247,2025-12-30,2026-01-01,2025-12-30,376.64,97.93,851.21,completed
391,490,232,441,327,2025-11-19,2025-11-22,2025-11-19,294.0,114.66,996.66,completed
392,492,31,337,254,2025-02-08,2025-02-17,2025-02-08,213.75,288.08,2211.83,completed
393,493,204,126,99,2025-10-25,2025-10-30,2025-10-25,385.22,197.43,2123.53,completed
394,496,304,297,221,2025-12-13,2025-12-15,2025-12-13,279.27,60.04,618.58,completed
395,499,113,267,204,2025-01-05,2025-01-07,2025-01-05,309.12,80.37,698.61,completed
396,500,302,20,10,2025-07-20,2025-07-24,2025-07-20,509.76,219.2,2258.24,completed
397,502,249,285,212,2025-08-19,2025-08-22,2025-08-19,365.4,131.54,1227.74,completed
398,503,22,536,402,2025-02-26,2025-03-02,2025-02-26,362.9,188.71,1640.31,completed
399,504,308,379,280,2025-06-16,2025-06-19,2025-06-16,569.25,239.09,1946.84,completed
400,507,309,523,396,2025-10-31,2025-11-04,2025-10-31,468.65,93.73,1968.33,completed
401,508,283,454,335,2025-07-14,2025-07-18,2025-07-14,361.08,155.26,1599.58,completed
402,510,209,546,408,2026-03-28,2026-04-01,2026-03-28,416.0,83.2,1747.2,active
403,511,99,368,273,2025-09-26,2025-09-28,2025-09-26,441.72,90.55,973.99,completed
404,,95,190,139,2026-03-20,2026-03-22,2026-03-20,401.0,104.26,906.26,completed
405,512,158,105,76,2025-05-30,2025-06-04,2025-05-30,311.3,202.34,1758.84,completed
406,513,32,142,103,2025-06-17,2025-06-19,2025-06-17,373.75,37.38,784.88,completed
407,514,125,308,232,2025-02-22,2025-02-26,2025-02-22,442.7,265.18,2035.98,completed
408,516,316,424,317,2025-09-05,2025-09-07,2025-09-05,411.48,106.98,929.94,completed
409,,54,364,277,2026-03-29,2026-03-30,2026-03-29,309.0,31.67,340.67,active
410,518,316,190,141,2025-07-15,2025-07-18,2025-07-15,473.18,184.54,1604.08,completed
411,519,57,112,90,2025-11-25,2025-11-26,2025-11-25,358.68,46.63,405.31,completed
412,520,320,420,311,2026-03-22,2026-03-24,2026-03-22,634.0,189.88,1457.88,completed
413,522,299,91,67,2026-01-05,2026-01-14,2026-01-05,379.04,443.48,3854.84,completed
414,523,215,378,281,2025-06-19,2025-06-27,2025-06-19,488.75,547.4,4457.4,completed
415,524,253,282,215,2025-02-18,2025-02-21,2025-02-18,413.25,148.77,1388.52,completed
416,527,279,406,299,2025-12-25,2025-12-30,2025-12-25,367.01,238.56,2073.61,completed
417,528,62,88,71,2025-01-05,2025-01-09,2025-01-05,259.44,134.91,1172.67,completed
418,529,278,251,181,2025-09-02,2025-09-06,2025-09-02,369.36,192.07,1669.51,completed
419,530,262,493,372,2025-09-10,2025-09-11,2025-09-10,264.6,34.4,299.0,completed
420,531,290,486,362,2026-01-14,2026-01-23,2026-01-14,345.92,334.68,3447.96,completed
421,532,74,113,87,2026-03-26,2026-03-27,2026-03-26,396.0,51.48,447.48,completed
422,,204,247,184,2026-03-23,2026-03-30,2026-03-23,417.0,379.47,3298.47,active
423,534,88,1,1,2025-12-28,2026-01-01,2025-12-28,218.28,104.77,977.89,completed
424,536,72,63,51,2025-06-28,2025-07-05,2025-06-28,403.65,339.07,3164.62,completed
425,,200,489,366,2026-03-19,2026-03-24,2026-03-19,251.0,134.91,1389.91,completed
426,539,112,302,234,2025-03-15,2025-03-22,2025-03-15,291.0,305.04,2342.04,completed
427,540,112,136,106,2026-02-25,2026-02-28,2026-02-25,294.5,44.18,927.68,completed
428,544,16,396,290,2025-12-18,2025-12-20,2025-12-18,737.23,191.68,1666.14,completed
429,545,158,3,5,2026-03-28,2026-04-01,2026-03-28,269.0,129.12,1205.12,active
430,546,69,527,395,2025-11-20,2025-11-22,2025-11-20,352.8,35.28,740.88,completed
431,547,305,211,158,2025-11-10,2025-11-14,2025-11-10,440.02,246.41,2006.49,completed
432,549,171,560,421,2025-02-25,2025-03-02,2025-02-25,413.25,211.79,2278.04,completed
433,552,153,565,430,2025-10-15,2025-10-17,2025-10-15,172.01,44.72,388.74,completed
434,553,35,172,133,2026-03-28,2026-04-03,2026-03-28,309.0,241.02,2095.02,active
435,555,122,217,164,2025-04-01,2025-04-04,2025-04-01,236.25,72.65,781.4,completed
436,556,92,361,279,2025-11-28,2025-12-03,2025-11-28,195.02,99.95,1075.05,completed
437,557,67,272,207,2025-06-02,2025-06-04,2025-06-02,570.4,148.3,1289.1,completed
438,558,315,204,148,2025-11-21,2025-11-25,2025-11-21,649.74,337.86,2936.82,completed
439,559,64,547,408,2026-02-09,2026-02-12,2026-02-09,452.2,67.83,1424.43,completed
440,560,302,32,25,2025-05-11,2025-05-15,2025-05-11,490.6,98.12,2060.52,completed
441,,267,309,233,2026-03-26,2026-04-03,2026-03-26,316.0,378.57,2906.57,active
442,,40,367,274,2026-03-24,2026-04-01,2026-03-24,444.0,364.08,3916.08,active
443,567,172,224,164,2025-08-20,2025-08-27,2025-08-20,522.0,374.53,4028.53,completed
444,568,172,310,234,2026-03-24,2026-03-31,2026-03-24,386.0,404.62,3106.62,active
445,569,34,264,198,2025-04-08,2025-04-14,2025-04-08,693.0,622.66,4780.66,completed
446,570,234,556,415,2025-09-08,2025-09-09,2025-09-08,372.6,38.19,410.79,completed
447,,129,592,447,2026-03-25,2026-03-30,2026-03-25,361.0,185.01,1990.01,active
448,,41,296,225,2026-03-28,2026-03-31,2026-03-28,406.0,130.94,1348.94,active
449,571,28,24,18,2026-01-06,2026-01-12,2026-01-06,622.84,401.73,4138.77,completed
450,572,325,311,228,2026-03-25,2026-03-28,2026-03-25,421.0,189.13,1452.13,completed
451,573,197,286,212,2025-09-27,2025-09-29,2025-09-27,410.4,98.5,919.3,completed
452,574,88,472,354,2026-02-06,2026-02-10,2026-02-06,338.2,67.64,1420.44,completed
453,576,79,219,164,2025-04-04,2025-04-12,2025-04-04,299.25,245.38,2639.38,completed
454,577,54,26,26,2026-03-26,2026-03-28,2026-03-26,276.0,27.6,579.6,completed
455,578,244,482,368,2025-03-29,2025-04-02,2025-03-29,236.0,101.48,1045.48,completed
456,,145,513,382,2026-03-20,2026-03-21,2026-03-20,341.0,47.74,388.74,completed
457,579,87,230,175,2026-02-04,2026-02-08,2026-02-04,297.35,127.86,1317.26,completed
458,580,20,1,2,2026-01-10,2026-01-14,2026-01-10,187.68,90.09,840.81,completed
459,581,275,155,112,2026-03-22,2026-03-25,2026-03-22,404.0,157.56,1369.56,completed
460,582,270,24,12,2026-03-07,2026-03-14,2026-03-07,677.0,509.44,5248.44,completed
461,583,208,119,87,2026-03-23,2026-03-28,2026-03-23,426.0,276.9,2406.9,completed
462,584,299,242,182,2025-03-15,2025-03-18,2025-03-15,212.0,82.68,718.68,completed
463,585,113,147,110,2026-03-12,2026-03-18,2026-03-12,304.0,237.12,2061.12,completed
464,,3,558,416,2026-03-20,2026-03-24,2026-03-20,410.0,168.1,1808.1,completed
465,587,49,83,60,2025-12-02,2025-12-03,2025-12-02,388.41,50.49,438.9,completed
466,590,177,165,126,2025-10-06,2025-10-15,2025-10-06,309.0,416.45,3197.45,completed
467,591,198,344,261,2025-04-19,2025-04-23,2025-04-19,462.0,276.74,2124.74,completed
468,,123,599,442,2026-03-21,2026-03-28,2026-03-21,431.0,309.24,3326.24,completed
469,592,245,271,204,2025-09-24,2025-09-26,2025-09-24,551.88,143.49,1247.25,completed
470,593,47,410,309,2025-01-11,2025-01-14,2025-01-11,201.48,90.51,694.95,completed
471,596,62,257,195,2025-01-30,2025-02-03,2025-01-30,317.4,190.12,1459.72,completed
472,603,125,66,47,2025-06-04,2025-06-10,2025-06-04,535.9,385.85,3601.25,completed
473,604,72,43,32,2026-03-27,2026-04-03,2026-03-27,475.0,340.81,3665.81,active
474,606,258,499,372,2025-01-24,2025-01-28,2025-01-24,437.0,227.24,1975.24,completed
475,607,217,473,358,2025-01-03,2025-01-09,2025-01-03,350.52,105.16,2208.28,completed
476,608,253,56,37,2025-10-27,2025-10-30,2025-10-27,426.42,179.1,1458.36,completed
477,609,60,540,401,2025-08-25,2025-08-30,2025-08-25,727.32,472.76,4109.36,completed
478,610,306,132,92,2026-03-25,2026-03-28,2026-03-25,639.0,196.49,2113.49,completed
479,611,223,401,304,2025-10-31,2025-11-03,2025-10-31,363.59,141.8,1232.57,completed
480,,323,457,351,2026-03-19,2026-03-21,2026-03-19,232.0,49.88,513.88,completed
481,612,128,260,190,2025-07-07,2025-07-09,2025-07-07,513.3,153.73,1180.33,completed
482,614,281,175,133,2025-04-14,2025-04-18,2025-04-14,460.95,239.69,2083.49,completed
483,617,95,140,102,2025-12-09,2025-12-12,2025-12-09,449.4,67.41,1415.61,completed
484,619,116,185,144,2025-07-21,2025-07-25,2025-07-21,479.08,249.12,2165.44,completed
485,620,114,280,209,2025-10-27,2025-11-03,2025-10-27,365.65,307.15,2866.7,completed
486,,206,225,163,2026-03-23,2026-03-25,2026-03-23,295.0,60.47,650.47,completed
487,,107,510,379,2026-03-26,2026-03-30,2026-03-26,471.0,263.76,2147.76,active
488,622,272,550,412,2026-03-23,2026-03-26,2026-03-23,371.0,55.65,1168.65,completed
489,623,37,512,387,2026-03-24,2026-03-27,2026-03-24,486.0,204.12,1662.12,completed
490,624,209,57,43,2026-03-23,2026-03-26,2026-03-23,279.0,117.18,954.18,completed
491,625,168,438,327,2025-09-10,2025-09-14,2025-09-10,459.0,238.68,2074.68,completed
492,,117,164,119,2026-03-28,2026-03-30,2026-03-28,430.0,128.78,988.78,active
493,626,317,469,360,2026-03-22,2026-03-23,2026-03-22,256.0,12.8,268.8,completed
494,627,194,505,380,2025-01-03,2025-01-07,2025-01-03,253.92,142.2,1157.88,completed
495,,92,549,413,2026-03-25,2026-03-27,2026-03-25,306.0,30.6,642.6,completed
496,628,65,151,116,2025-10-29,2025-11-01,2025-10-29,498.52,194.42,1689.98,completed
497,630,76,392,295,2026-03-29,2026-04-01,2026-03-29,449.0,175.11,1522.11,active
498,631,270,554,419,2026-01-12,2026-01-14,2026-01-12,253.0,51.86,557.86,completed
499,633,46,229,174,2025-01-13,2025-01-16,2025-01-13,246.56,79.52,819.2,completed
500,636,87,551,414,2025-02-13,2025-02-14,2025-02-13,385.7,19.29,404.99,completed
501,637,86,286,211,2025-09-11,2025-09-14,2025-09-11,410.4,147.74,1378.94,completed
502,638,182,431,318,2026-01-11,2026-01-13,2026-01-11,396.52,103.1,896.14,completed
503,639,283,578,433,2026-03-26,2026-04-04,2026-03-26,270.0,363.89,2793.89,active
504,641,292,304,234,2025-03-10,2025-03-12,2025-03-10,361.0,108.12,830.12,completed
505,643,46,387,289,2025-01-03,2025-01-11,2025-01-03,284.28,295.65,2569.89,completed
506,644,224,183,140,2026-03-26,2026-03-27,2026-03-26,336.0,43.68,379.68,completed
507,645,68,497,375,2025-08-15,2025-08-16,2025-08-15,423.4,55.04,478.44,completed
508,646,321,303,227,2025-08-23,2025-08-30,2025-08-23,372.36,390.33,2996.85,completed
509,,148,165,121,2026-03-23,2026-03-28,2026-03-23,300.0,224.62,1724.62,completed
510,,47,598,446,2026-03-22,2026-03-25,2026-03-22,401.0,123.31,1326.31,completed
511,649,85,62,54,2025-01-21,2025-01-24,2025-01-21,304.52,109.63,1023.19,completed
512,,20,376,285,2026-03-27,2026-03-31,2026-03-27,340.0,190.4,1550.4,active
513,650,284,133,106,2025-11-13,2025-11-14,2025-11-13,205.8,10.29,216.09,completed
514,651,306,151,113,2026-03-22,2026-03-26,2026-03-22,484.0,251.68,2187.68,completed
515,652,41,509,379,2025-11-30,2025-12-04,2025-11-30,392.98,220.07,1791.99,completed
516,653,283,105,78,2025-04-21,2025-04-25,2025-04-21,297.15,154.52,1343.12,completed
517,654,207,144,101,2025-10-24,2025-10-28,2025-10-24,679.8,135.96,2855.16,completed
518,655,44,410,309,2026-03-10,2026-03-12,2026-03-10,219.0,65.59,503.59,completed
519,656,106,216,161,2026-03-19,2026-03-24,2026-03-19,669.0,468.3,3813.3,completed
520,657,222,536,397,2025-09-02,2025-09-04,2025-09-02,412.56,107.27,932.39,completed
521,659,185,414,310,2025-10-27,2025-10-31,2025-10-27,364.62,218.41,1676.89,completed
522,661,62,134,101,2026-03-19,2026-03-23,2026-03-19,260.0,52.0,1092.0,completed
523,,58,188,138,2026-03-25,2026-03-28,2026-03-25,481.0,187.59,1630.59,completed
524,662,133,124,92,2025-06-24,2025-06-28,2025-06-24,332.35,136.26,1465.66,completed
525,663,290,505,380,2025-12-02,2025-12-04,2025-12-02,295.32,82.69,673.33,completed
526,664,305,594,444,2025-08-07,2025-08-13,2025-08-07,517.36,318.18,3422.34,completed
527,665,205,500,374,2026-02-22,2026-02-25,2026-02-22,437.0,170.43,1481.43,completed
528,668,285,350,262,2025-09-10,2025-09-17,2025-09-10,298.08,104.33,2190.89,completed
529,670,10,430,317,2025-10-12,2025-10-19,2025-10-12,397.58,361.8,3144.86,completed
530,,150,299,219,2026-03-19,2026-03-20,2026-03-19,351.0,37.73,388.73,completed
531,672,208,315,238,2025-10-09,2025-10-15,2025-10-09,314.15,263.89,2148.79,completed
532,673,204,460,343,2025-10-18,2025-10-25,2025-10-18,331.66,249.57,2571.19,completed
533,675,243,168,123,2025-12-08,2025-12-09,2025-12-08,727.6,108.96,836.56,completed
534,676,237,377,284,2026-02-03,2026-02-09,2026-02-03,346.75,291.27,2371.77,completed
535,677,16,566,428,2026-01-04,2026-01-05,2026-01-04,208.84,27.15,235.99,completed
536,678,192,117,89,2025-06-27,2025-06-28,2025-06-27,409.4,53.22,462.62,completed
537,679,271,342,260,2026-01-27,2026-02-02,2026-01-27,377.2,338.91,2602.11,completed
538,680,29,403,306,2025-11-11,2025-11-13,2025-11-11,453.74,117.97,1025.45,completed
539,681,300,111,86,2026-03-25,2026-03-30,2026-03-25,331.0,215.15,1870.15,active
540,683,152,560,415,2025-09-02,2025-09-06,2025-09-02,469.8,192.62,2071.82,completed
541,684,148,366,272,2025-04-25,2025-05-03,2025-04-25,403.2,330.62,3556.22,completed
542,686,18,316,243,2025-11-14,2025-11-18,2025-11-14,333.2,186.59,1519.39,completed
543,,282,182,138,2026-03-28,2026-03-29,2026-03-28,316.0,41.08,357.08,active
544,687,69,597,445,2025-09-10,2025-09-17,2025-09-10,379.08,271.99,2925.55,completed
545,688,194,412,311,2026-03-07,2026-03-11,2026-03-07,294.0,176.11,1352.11,completed
546,,271,271,205,2026-03-23,2026-03-27,2026-03-23,511.0,265.72,2309.72,completed
547,690,139,37,31,2025-09-08,2025-09-09,2025-09-08,243.0,24.91,267.91,completed
548,692,257,427,317,2026-03-01,2026-03-07,2026-03-01,506.0,394.68,3430.68,completed
549,,56,394,291,2026-03-21,2026-03-22,2026-03-21,364.0,47.32,411.32,completed
550,693,287,82,61,2025-10-31,2025-11-08,2025-10-31,332.69,346.0,3007.52,completed
551,694,234,221,165,2025-05-19,2025-05-22,2025-05-19,412.5,126.84,1364.34,completed
552,,129,383,282,2026-03-25,2026-03-31,2026-03-25,395.0,331.8,2701.8,active
553,696,115,40,32,2026-01-06,2026-01-11,2026-01-06,299.0,153.24,1648.24,completed
554,697,63,189,141,2025-12-28,2026-01-01,2025-12-28,375.57,195.3,1697.58,completed
555,,316,78,55,2026-03-28,2026-03-31,2026-03-28,388.0,151.32,1315.32,active
556,699,293,31,27,2026-03-20,2026-03-24,2026-03-20,491.0,98.2,2062.2,completed
557,700,306,144,107,2025-01-04,2025-01-05,2025-01-04,607.2,30.36,637.56,completed
558,,204,336,251,2026-03-22,2026-03-26,2026-03-22,627.0,326.04,2834.04,completed
559,701,258,594,444,2025-08-18,2025-08-23,2025-08-18,517.36,265.15,2851.95,completed
560,702,304,211,156,2026-03-21,2026-03-30,2026-03-21,449.0,565.74,4606.74,active
561,,251,97,74,2026-03-24,2026-03-30,2026-03-24,218.0,170.04,1478.04,active
562,,164,108,81,2026-03-21,2026-03-25,2026-03-21,658.0,342.16,2974.16,completed
563,,165,308,226,2026-03-29,2026-04-01,2026-03-29,466.0,209.35,1607.35,active
564,704,225,433,327,2026-03-29,2026-04-03,2026-03-29,245.0,159.25,1384.25,active
565,705,298,223,166,2025-06-08,2025-06-14,2025-06-08,557.75,343.02,3689.52,completed
566,706,203,213,154,2025-11-05,2025-11-12,2025-11-05,283.22,277.56,2260.1,completed
567,707,218,478,354,2025-12-14,2025-12-18,2025-12-14,402.32,80.46,1689.74,completed
568,708,141,178,130,2026-03-19,2026-03-22,2026-03-19,324.0,126.36,1098.36,completed
569,709,22,81,63,2026-01-15,2026-01-18,2026-01-15,264.96,103.33,898.21,completed
570,711,315,524,396,2026-03-26,2026-03-30,2026-03-26,415.0,83.0,1743.0,active
571,,247,429,323,2026-03-28,2026-04-02,2026-03-28,356.0,231.4,2011.4,active
572,713,266,373,280,2025-04-02,2025-04-05,2025-04-02,267.75,112.46,915.71,completed
573,714,112,416,311,2025-02-22,2025-03-03,2025-02-22,369.55,498.06,3824.01,completed
574,715,141,6,7,2025-08-24,2025-08-25,2025-08-24,451.24,54.15,505.39,completed
575,718,293,596,442,2025-09-22,2025-09-25,2025-09-22,524.88,161.4,1736.04,completed
576,720,174,360,264,2025-11-02,2025-11-06,2025-11-02,672.28,134.46,2823.58,completed
577,721,100,305,230,2025-05-11,2025-05-12,2025-05-11,413.6,61.94,475.54,completed
578,722,92,130,91,2026-03-19,2026-03-24,2026-03-19,324.0,166.05,1786.05,completed
579,723,30,442,325,2026-03-29,2026-03-30,2026-03-29,355.0,46.15,401.15,active
580,724,233,18,15,2026-02-20,2026-03-01,2026-02-20,381.9,369.49,3806.59,completed
581,725,231,15,14,2026-03-21,2026-03-24,2026-03-21,277.0,89.33,920.33,completed
582,727,87,222,171,2025-05-28,2025-06-01,2025-05-28,456.5,187.16,2013.16,completed
583,728,105,272,203,2025-02-28,2025-03-01,2025-02-28,471.2,61.26,532.46,completed
584,729,190,92,67,2026-03-21,2026-03-23,2026-03-21,377.0,98.02,852.02,completed
585,731,208,86,71,2025-11-06,2025-11-11,2025-11-06,202.86,131.86,1146.16,completed
586,732,143,575,425,2025-12-24,2025-12-27,2025-12-24,349.89,136.46,1186.13,completed
587,734,96,443,332,2025-08-30,2025-09-06,2025-08-30,458.2,416.96,3624.36,completed
588,736,12,488,362,2025-12-24,2025-12-26,2025-12-24,429.07,92.25,950.39,completed
589,737,7,200,147,2025-06-01,2025-06-02,2025-06-01,480.7,62.49,543.19,completed
590,,130,506,384,2026-03-20,2026-03-24,2026-03-20,331.0,185.36,1509.36,completed
591,738,50,305,227,2026-03-25,2026-03-30,2026-03-25,376.0,281.53,2161.53,active
592,,304,302,226,2026-03-20,2026-03-24,2026-03-20,291.0,174.31,1338.31,completed
593,739,90,541,414,2025-04-11,2025-04-17,2025-04-11,247.8,74.34,1561.14,completed
594,740,169,461,348,2025-03-06,2025-03-10,2025-03-06,352.0,151.36,1559.36,completed
595,741,44,467,344,2026-03-02,2026-03-03,2026-03-02,387.0,41.6,428.6,completed
596,742,76,386,294,2025-11-10,2025-11-14,2025-11-10,278.32,144.73,1258.01,completed
597,744,11,289,221,2026-01-31,2026-02-09,2026-01-31,180.32,174.46,1797.34,completed
598,747,140,478,353,2025-08-04,2025-08-06,2025-08-04,436.16,43.62,915.94,completed
599,748,1,180,129,2025-01-17,2025-01-24,2025-01-17,592.48,539.16,4686.52,completed
600,750,82,523,390,2025-11-13,2025-11-16,2025-11-13,445.9,66.89,1404.59,completed
601,751,31,55,39,2026-01-02,2026-01-06,2026-01-02,417.68,233.9,1904.62,completed
602,752,119,4,7,2025-12-18,2025-12-21,2025-12-18,335.98,120.95,1128.89,completed
603,753,67,139,105,2025-04-04,2025-04-07,2025-04-04,462.0,69.3,1455.3,completed
604,754,200,386,297,2025-07-02,2025-07-04,2025-07-02,335.12,87.13,757.37,completed
605,755,27,253,197,2026-01-12,2026-01-17,2026-01-12,197.8,148.1,1137.1,completed
606,756,113,389,294,2025-04-02,2025-04-11,2025-04-02,408.45,477.89,4153.94,completed
607,757,76,469,358,2026-02-14,2026-02-17,2026-02-14,243.2,36.48,766.08,completed
608,758,104,64,47,2026-03-19,2026-03-26,2026-03-19,376.0,315.84,2947.84,completed
609,759,144,158,118,2026-03-28,2026-04-04,2026-03-28,250.0,262.06,2012.06,active
610,762,313,116,89,2026-03-27,2026-03-30,2026-03-27,476.0,185.64,1613.64,active
611,764,53,123,92,2025-12-09,2025-12-10,2025-12-09,282.48,28.95,311.43,completed
612,767,241,219,169,2025-06-02,2025-06-04,2025-06-02,327.75,67.19,722.69,completed
613,768,8,453,335,2026-03-26,2026-04-04,2026-03-26,266.0,257.36,2651.36,active
614,769,137,505,381,2025-02-11,2025-02-14,2025-02-11,262.2,110.12,896.72,completed
615,770,180,45,30,2025-01-18,2025-01-22,2025-01-18,280.6,115.05,1237.45,completed
616,771,301,452,341,2025-10-06,2025-10-10,2025-10-06,402.73,173.17,1784.09,completed
617,772,309,156,112,2025-08-07,2025-08-12,2025-08-07,799.24,519.51,4515.71,completed
618,773,100,337,254,2026-03-22,2026-03-26,2026-03-22,225.0,134.78,1034.78,completed
619,774,164,552,409,2026-03-22,2026-03-26,2026-03-22,701.0,140.2,2944.2,completed
620,775,268,58,39,2026-03-19,2026-03-22,2026-03-19,324.0,136.08,1108.08,completed
621,776,9,63,50,2025-11-15,2025-11-17,2025-11-15,343.98,82.56,770.52,completed
622,777,238,579,434,2025-09-17,2025-09-20,2025-09-17,307.8,138.28,1061.68,completed
623,780,228,109,88,2025-05-14,2025-05-18,2025-05-14,303.6,157.87,1372.27,completed
624,783,115,306,231,2025-10-13,2025-10-15,2025-10-13,459.38,137.58,1056.34,completed
625,786,54,342,260,2025-10-28,2025-11-04,2025-10-28,422.3,442.68,3398.78,completed
626,,87,407,305,2026-03-23,2026-03-27,2026-03-23,383.0,199.16,1731.16,completed
